page,entry_sessions,avg_duration_seconds,avg_clicks,avg_pages,bounce_proxy_rate,abandono_rapido_rate,frustration_rate,engagement_score_avg,exit_sessions
https://cloudlabslearning.com/,37314,169.53266870343572,4.147344160368762,1.7664415500884387,0.9156884815350806,0.6977273945436029,0.02513801790212789,0.011775719837074185,34961
https://cloudlabslearning.com/request-demo?err=SUBSCRIPTION_NOT_FOUND,25367,152.05061694327276,4.392005361296172,1.693814798754287,0.904009145740529,0.690109196988213,0.04793629518665983,-0.028192988339099334,23404
https://cloudlabslearning.com/elementary-school,1297,158.8727833461835,2.6630686198920586,1.5505011565150346,0.8766383962991519,0.7417116422513492,0.025443330763299923,-0.03508467699421245,3566
https://cloudlabslearning.com/downloads,335,317.0268656716418,3.080597014925373,1.982089552238806,0.7731343283582089,0.5701492537313433,0.008955223880597015,0.3537659072351601,395
https://cloudlabslearning.com/middle-school,251,212.20318725099602,2.537848605577689,1.2868525896414342,0.9442231075697212,0.8565737051792829,0.035856573705179286,0.08557451384614373,480
https://cloudlabslearning.com/higher-education,219,261.7990867579909,2.1780821917808217,1.4703196347031964,0.9178082191780822,0.8264840182648402,0.0182648401826484,0.20253766832701672,637
https://cloudlabslearning.com/high-school,193,436.23316062176167,3.5958549222797926,1.7461139896373057,0.8652849740932642,0.7461139896373057,0.05699481865284974,0.6392284951368938,545
https://cloudlabslearning.com/hybrid-laboratories,184,182.20652173913044,1.766304347826087,1.4076086956521738,0.8913043478260869,0.8206521739130435,0.016304347826086956,0.007202637970300248,545
https://cloudlabslearning.com/about-cloudlabs,165,332.43030303030304,2.296969696969697,1.6363636363636365,0.9151515151515152,0.7393939393939394,0.006060606060606061,0.37491728235682314,283
https://cloudlabslearning.com/register,158,213.06962025316454,7.8734177215189876,2.1772151898734178,0.8417721518987342,0.6582278481012658,0.012658227848101266,0.16697502079097326,142
https://cloudlabslearning.com/terms-and-conditions,155,20.070967741935483,0.14838709677419354,2.109677419354839,0.2129032258064516,0.1870967741935484,0.0,-0.38517062595631035,34
https://cloudlabslearning.com/terms-conditions,133,103.21052631578948,1.4736842105263157,1.518796992481203,0.7969924812030075,0.7593984962406015,0.007518796992481203,-0.18219396937757368,118
https://cloudlabslearning.com/page-not-found,113,56.991150442477874,1.2035398230088497,1.336283185840708,0.831858407079646,0.7964601769911505,0.0,-0.2986002481803557,270
https://cloudlabslearning.com/privacy-policies,92,168.2391304347826,2.7065217391304346,1.858695652173913,0.8043478260869565,0.7391304347826086,0.0,-0.006791038501190902,89
https://cloudlabs.media/,76,271.7763157894737,2.763157894736842,2.0789473684210527,0.7631578947368421,0.7105263157894737,0.0,0.2440854568924839,59
https://cloudlabslearning.com/blogs-and-news/88,61,211.40983606557376,1.540983606557377,1.1967213114754098,0.9836065573770492,0.8360655737704918,0.0,0.07022382459704125,60
https://landing.cloudlabs.media/,61,323.9344262295082,3.5245901639344264,1.8524590163934427,0.8360655737704918,0.5409836065573771,0.03278688524590164,0.37316411220224666,58
https://cloudlabslearning.com/support,57,99.35087719298245,2.491228070175439,1.4035087719298245,0.9122807017543859,0.8421052631578947,0.05263157894736842,-0.18132956520719537,101
https://cloudlabslearning.com/pedagogical-approach,50,157.16,6.12,1.24,0.88,0.84,0.02,-0.003584579829607849,74
https://cloudlabslearning.com/error/500,49,89.10204081632654,2.0816326530612246,1.3673469387755102,0.8163265306122449,0.8163265306122449,0.0,-0.2112238976118313,40
https://cloudlabslearning.com/certification,44,297.40909090909093,0.9772727272727273,1.4090909090909092,0.9318181818181818,0.8409090909090909,0.0,0.2718661604522104,117
https://cloudlabslearning.com/innovative-education,40,144.2,2.175,1.7,0.775,0.7,0.0,-0.07312300405363012,50
https://cloudlabslearning.com/blogs-and-news,39,534.6153846153846,1.5897435897435896,1.6153846153846154,0.9230769230769231,0.717948717948718,0.0,0.8470497834426505,91
https://cloudlabslearning.com/error-invitation/confirmed,39,161.07692307692307,2.0256410256410255,2.1538461538461537,0.5897435897435898,0.46153846153846156,0.0,-0.0266594570806343,28
https://cloudlabslearning.com/curriculum,33,215.84848484848484,4.303030303030303,2.0,0.7575757575757576,0.6666666666666666,0.030303030303030304,0.1279607503084325,123
https://cloudlabslearning.com/testimonials-and-experiences,31,102.12903225806451,1.7741935483870968,1.5483870967741935,0.967741935483871,0.8387096774193549,0.0,-0.1806645797519855,99
https://cloudlabslearning.com/request-demo,30,124.13333333333334,3.466666666666667,1.1333333333333333,0.9666666666666667,0.9,0.1,-0.11560086823243401,80
https://cloudlabslearning.com/blogs-and-news/92,29,165.82758620689654,0.896551724137931,1.1379310344827587,0.9655172413793104,0.896551724137931,0.0,-0.04691122209483969,28
https://cloudlabslearning.com/professional-development,24,338.5,0.5,1.0833333333333333,0.9583333333333334,0.9166666666666666,0.0,0.35811750601359194,47
https://cloudlabslearning.com/register/BF83F8C319,22,157.5909090909091,6.636363636363637,1.5909090909090908,0.9090909090909091,0.8181818181818182,0.13636363636363635,0.009841546264798091,20
https://cloudlabslearning.com/register/ACDC632DA9,20,31.25,10.95,1.0,1.0,1.0,0.55,-0.2499125843666267,20
https://cloudlabslearning.com/stem-projects,18,349.94444444444446,3.3333333333333335,1.9444444444444444,0.7222222222222222,0.6666666666666666,0.0,0.43439794495344114,52
https://cloudlabslearning.com/en,18,37.166666666666664,3.611111111111111,2.0555555555555554,0.4444444444444444,0.4444444444444444,0.0,-0.3042900648755015,8
https://cloudlabslearning.com/register/4D1AF0A62F,17,85.94117647058823,8.764705882352942,1.0,1.0,1.0,0.4117647058823529,-0.14581377527866293,17
https://cloudlabslearning.com/blogs-and-news/124,16,78.9375,1.3125,1.25,0.875,0.75,0.0,-0.246642006863359,20
https://cloudlabslearning.com/why-cloudlabs,15,115.8,2.6666666666666665,1.6,0.9333333333333333,0.8666666666666667,0.0,-0.13661185098069908,35
https://cloudlabslearning.com/es/home-es,15,372.4,8.4,3.933333333333333,0.2,0.2,0.0,0.5835494935570061,3
https://cloudlabslearning-com.translate.goog/,13,86.3076923076923,0.9230769230769231,1.0769230769230769,1.0,0.9230769230769231,0.0,-0.236830274353556,13
https://cloudlabslearning.com/register/EC987D271A,11,343.72727272727275,13.454545454545455,2.3636363636363638,1.0,0.36363636363636365,0.36363636363636365,0.5474596168432622,12
https://cloudlabslearning.com/curriculum/country-list/detail-country/248/Texas/detail-curriculum/3824/EL%20-%20Science,11,843.4545454545455,3.909090909090909,2.1818181818181817,0.9090909090909091,0.7272727272727273,0.0,1.6193440917984945,13
https://cloudlabslearning.com/blogs-and-news/97,10,146.3,0.9,1.3,0.9,0.7,0.0,-0.09042733229819189,9
http://cloudlabslearning.com/,10,3.3,0.0,1.0,1.0,1.0,0.0,-0.44662295492679915,10
https://cloudlabslearning.com/register/D34CD7635E,9,40.0,7.777777777777778,1.0,1.0,1.0,0.2222222222222222,-0.2668270862017081,10
https://cloudlabslearning.com/cookie-policies,9,7.222222222222222,0.1111111111111111,1.2222222222222223,0.7777777777777778,0.7777777777777778,0.0,-0.43200776818492426,11
https://cloudlabslearning.com/curriculum/detail-country/29/Colombia%20-%20DBA/detail-curriculum/33/Educaci%C3%B3n%20B%C3%A1sica%20Secundaria/detail-grade/356/Once%20(11%C2%B0),9,187.66666666666666,0.0,1.0,1.0,1.0,0.0,-0.008088065943198263,10
https://cloudlabslearning.com/register/20B1D2D249,8,126.375,14.0,1.0,1.0,1.0,0.5,0.01262559157749701,8
https://cloudlabslearning.com/register/70B1FDCFBC,8,425.0,10.875,3.0,0.625,0.375,0.0,0.7214489341038741,8
https://cloudlabslearning.com/blogs-and-news/44,7,122.28571428571429,2.4285714285714284,1.8571428571428572,0.8571428571428571,0.7142857142857143,0.0,-0.11942928449599924,12
https://cloudlabslearning.com/register/55EA7AE18F,7,215.71428571428572,5.142857142857143,4.142857142857143,0.42857142857142855,0.42857142857142855,0.0,0.17585714151331122,18
https://cloudlabslearning.com/verify/150FF4,6,20.5,1.1666666666666667,1.5,1.0,0.8333333333333334,0.0,-0.3829160694995124,6
https://cloudlabslearning.com/cloudlabs-stem-areas,6,136.16666666666666,0.3333333333333333,1.0,1.0,1.0,0.0,-0.1266217233343542,6
https://cloudlabslearning.com/sgi-policies,5,66.2,0.2,1.0,1.0,1.0,0.0,-0.294630298593123,7
https://landing.cloudlabs.media/about-cloudlabs,5,1288.0,3.4,3.8,1.0,0.4,0.0,2.6995536731256813,7
https://cloudlabslearning.com/blogs-and-news/114,5,66.0,0.4,1.0,1.0,1.0,0.0,-0.2927274171366763,5
https://development-landing-client.cloudlabs.group/,4,489.75,1.0,2.25,1.0,0.75,0.0,0.744640301854318,4
https://cloudlabslearning.com/blogs-and-news/96,4,175.75,0.25,1.0,1.0,1.0,0.0,-0.03345981869582029,4
https://cloudlabslearning.com/teachers,4,163.75,0.25,1.0,1.0,1.0,0.0,-0.06200304054251993,4
https://cloudlabslearning.com/register/1F25926DEF,4,65.25,14.0,1.0,1.0,1.0,0.75,-0.1327664447041298,4
https://cloudlabslearning.com/register/Jordi,4,1.0,0.0,1.0,1.0,1.0,0.0,-0.4520937391140833,4
https://cloudlabslearning.com/virtual-stem,4,159.75,6.0,4.25,0.5,0.5,0.0,0.05484577389240711,2
https://cloudlabslearning.com/](https://cloudlabslearning.com/),3,24.333333333333332,0.0,1.0,1.0,1.0,0.0,-0.39659302996772267,3
https://cloudlabslearning.com/register/BAA4626FD0,3,107.66666666666667,7.333333333333333,1.0,1.0,1.0,0.3333333333333333,-0.11116081150072514,3
https://cloudlabslearning.com/family-parents-and-students,3,83.0,3.3333333333333335,2.6666666666666665,0.6666666666666666,0.3333333333333333,0.0,-0.18767250339535088,3
https://landing.cloudlabs.media/institutions,3,388.0,3.3333333333333335,2.3333333333333335,0.6666666666666666,0.3333333333333333,0.0,0.5318545473235388,2
https://cloudlabs.media/support,3,28.0,0.0,1.0,1.0,1.0,0.0,-0.3878714899590088,3
https://cloudlabslearning.com/author/juanmarin,3,7.0,0.0,2.0,0.0,0.0,0.0,-0.419982614536546,0
https://cloudlabslearning.com/work-with-us,3,1.6666666666666667,0.0,1.6666666666666667,0.3333333333333333,0.3333333333333333,0.0,-0.43861499546425287,1
https://cloudlabslearning.com/blogs-and-news/113,3,87.0,0.6666666666666666,1.0,1.0,1.0,0.0,-0.23960530981087402,3
https://cloudlabslearning.com/careers,3,3.6666666666666665,0.0,1.6666666666666667,0.3333333333333333,0.3333333333333333,0.0,-0.4338577918231363,1
https://cloudlabslearning.com/the-role-of-cloudlabs-within-the-learning-process-of-todays-students,3,1.3333333333333333,0.0,1.3333333333333333,0.6666666666666666,0.6666666666666666,0.0,-0.44535436728916805,2
https://cloudlabslearning.com/curriculum/country-list,3,143.0,0.0,1.0,1.0,1.0,0.0,-0.1143322805948029,5
https://cloudlabslearning.com/curriculum/detail-country/87/United%20States/detail-curriculum/119/Next%20Generation%20Science%20Standards/detail-grade/165/Life%20Science%20(LS),3,284.0,5.0,1.0,1.0,1.0,0.3333333333333333,0.28051562161787696,4
https://cloudlabslearning.com/es/conoce-que-es-la-neuroeducacion-y-como-aplicarla,3,7.333333333333333,0.6666666666666666,2.3333333333333335,0.3333333333333333,0.3333333333333333,0.0,-0.40531456997643645,1
https://cloudlabslearning.com/verify/534854,3,9.666666666666666,2.6666666666666665,1.3333333333333333,1.0,0.6666666666666666,0.0,-0.3938179945104046,3
https://landing.cloudlabs.media/support,2,28.0,0.0,1.0,1.0,1.0,0.0,-0.3878714899590088,3
https://cloudlabslearning.com/registro_sena,2,1.0,0.0,1.0,1.0,1.0,0.0,-0.4520937391140833,2
https://cloudlabslearning.com/auth/session/16afd22f-8335-4717-aca1-76910277b038,2,1.0,0.0,1.0,1.0,1.0,0.0,-0.4520937391140833,2
https://cloudlabslearning.com/es_co,2,203.5,2.0,3.0,0.0,0.0,0.0,0.08903817506293285,0
https://cloudlabslearning.com/pedagogical-integration,2,9.0,0.0,1.0,1.0,1.0,0.0,-0.43306492454961676,2
https://cloudlabslearning.com/es/nuestro-equipo-comercial,2,2.0,0.0,1.0,1.0,1.0,0.0,-0.44971513729352497,2
https://cloudlabslearning.com/es/te-contamos-de-que-trata-el-modelo-stem,2,11.5,0.0,2.0,0.0,0.0,0.0,-0.40927890634403363,0
https://cloudlabslearning.com/pt/contato,2,3.0,0.0,1.5,0.5,0.5,0.0,-0.43841677864587303,1
https://cloudlabslearning.com/register/3F80C842E9,2,88.0,2.5,1.0,1.0,1.0,0.0,-0.2154228579685312,2
https://cloudlabslearning.com/auth/session/689ae21b-2f84-4915-9353-297bb1fe9077,2,1.0,0.0,1.0,1.0,1.0,0.0,-0.4520937391140833,2
https://cloudlabslearning.com/pt/como-aumentar-a-produtividade-no-processo-de-aprendizagem,2,1.0,0.0,1.0,1.0,1.0,0.0,-0.4520937391140833,2
https://landing.cloudlabs.media/register,2,436.0,30.5,8.0,0.0,0.0,0.5,1.0702114260432372,0
https://landing.cloudlabs.media/testimonials-and-experiences,2,28.5,0.0,1.0,1.0,1.0,0.0,-0.38668218904872964,2
https://cloudlabs.media/sgi-policies,2,28.0,0.0,1.0,1.0,1.0,0.0,-0.3878714899590088,2
https://landing.cloudlabs.media/sgi-policies,2,28.0,0.0,1.0,1.0,1.0,0.0,-0.3878714899590088,2
https://cloudlabs.media/privacy-policies,2,28.0,0.0,1.0,1.0,1.0,0.0,-0.3878714899590088,2
https://cloudlabslearning.com/curriculum/detail-country/87/United%20States/detail-curriculum/119/Next%20Generation%20Science%20Standards/detail-grade/568/Earth%20and%20Space%20Science%20(ESS),2,8.5,2.5,1.0,1.0,1.0,0.0,-0.4045217027029171,2
https://cloudlabslearning.com/es/como-ser-mas-productivos-en-el-entorno-educativo,2,17.0,0.0,2.0,0.0,0.0,0.0,-0.39619659633096294,0
https://cloudlabslearning.com/curriculum/detail-country/87/United%20States/detail-curriculum/119/Next%20Generation%20Science%20Standards/detail-grade/203/Life%20Science%20(LS),2,15.5,0.0,1.0,1.0,1.0,0.0,-0.4176040127159877,2
https://cloudlabslearning.com/curriculum/country-list/detail-country/15796/Nebraska/detail-curriculum/15797/Sciences/detail-grade/15815/Plus%20Standards%20-%20Biology,2,5.0,0.0,1.0,1.0,1.0,0.0,-0.44257933183185005,2
https://cloudlabslearning.com/curriculum/country-list/detail-country/16536/Michigan/detail-curriculum/16772/Science,2,13.0,0.0,1.0,1.0,1.0,0.0,-0.4235505172673836,2
https://cloudlabslearning.com/curriculum/country-list/detail-country/1374/Florida/detail-curriculum/1454/High%20School/detail-grade/21673/Financial%20Literacy,2,1.0,0.0,1.0,1.0,1.0,0.0,-0.4520937391140833,2
https://cloudlabslearning.com/curriculum/country-list/detail-country/22218/New%20York/detail-curriculum/22219/Elementary%20School/detail-grade/22572/Grade%203,2,1.0,0.0,1.0,1.0,1.0,0.0,-0.4520937391140833,2
https://cloudlabslearning.com/curriculum/country-list/detail-country/22218/New%20York/detail-curriculum/22221/High%20School/detail-grade/22245/Geometry,2,6.5,0.0,1.0,1.0,1.0,0.0,-0.43901142910101254,2
https://cloudlabslearning.com/verify/AAB2F3,2,8.5,0.0,1.0,1.0,1.0,0.0,-0.43425422545989595,2
https://cloudlabslearning.com/curriculum/detail-country/87/United%20States,2,4.0,0.5,1.0,1.0,1.0,0.0,-0.4390114291010126,2
https://cloudlabslearning.com/blogs-and-news/43,2,25.0,1.5,1.0,1.0,1.0,0.0,-0.37716778176649646,2
https://cloudlabslearning.com/blogs-and-news/115,2,2.0,0.0,1.0,1.0,1.0,0.0,-0.44971513729352497,2
https://cloudlabs.media/testimonials-and-experiences,2,28.5,0.0,1.0,1.0,1.0,0.0,-0.38668218904872964,2
https://cloudlabs.media/terms-conditions,2,18.5,0.0,1.0,1.0,1.0,0.0,-0.41046820725431277,2
https://cloudlabslearning.com/about,2,1.0,0.0,1.0,1.0,1.0,0.0,-0.4520937391140833,2
https://landing.cloudlabs.media/elementary-school,2,8.5,0.0,1.0,1.0,1.0,0.0,-0.43425422545989595,3
https://landing.cloudlabs.media/hybrid-laboratories,2,1079.5,3.5,3.0,1.0,0.0,0.0,2.190532883526202,4
https://landing.cloudlabs.media/cookie-policies,2,28.0,0.0,1.0,1.0,1.0,0.0,-0.3878714899590088,2
https://cloudlabs.media/innovative-education,2,15.5,0.0,1.0,1.0,1.0,0.0,-0.4176040127159878,2
http://cloudlabs.us/,1,47.0,9.0,1.0,1.0,1.0,0.0,-0.2356409734432769,1
http://localhost:10329/Proxy.aspx,1,21.0,1.0,1.0,1.0,1.0,0.0,-0.3926286936001255,1
http://localhost:3000/,1,11863.0,347.0,39.0,0.0,0.0,0.0,32.56765673387641,1
http://localhost:3000/support,1,79.0,19.0,4.0,0.0,0.0,0.0,0.0129229168050667,1
https://cloudlabs.media/about-cloudlabs,1,28.0,0.0,1.0,1.0,1.0,0.0,-0.3878714899590088,1
https://cloudlabs.media/cookie-policies,1,28.0,0.0,1.0,1.0,1.0,0.0,-0.3878714899590088,1
https://landing.cloudlabs.media/auth/session/fe5ddcd8-f657-4c8b-98cf-c9be2f31ecc3,1,1599.0,0.0,3.0,0.0,0.0,0.0,3.384590997446475,0
https://cloudlabslearning.com/auth/session/3ae06611-29d2-4390-9ad0-0b28a734c737,1,3.0,0.0,2.0,1.0,0.0,0.0,-0.4294970218187793,1
https://cloudlabslearning.com/auth/session/45deccb9-f138-43e4-a9c6-597e64577bef,1,26.0,0.0,4.0,0.0,0.0,0.0,-0.3391101526375634,0
https://cloudlabslearning.com/auth/session/086a7eb0-ebcb-4023-89fd-b81171f89d25,1,289.0,2.0,3.0,0.0,0.0,0.0,0.2924086307206686,0
https://cloudlabslearning.com/auth/session/0b211e20-724a-427b-b8b0-c9b3414d8d70,1,377.0,14.0,3.0,0.0,0.0,0.0,0.6444417001632988,0
https://cloudlabslearning.com/auth/session/0d036226-49d3-4778-83cb-3e711e0bed26,1,179.0,9.0,3.0,0.0,0.0,0.0,0.1140134941787951,0
https://cloudlabslearning.com/auth/session/0f64271b-6359-49e4-8c01-73e7f5fba236,1,1.0,0.0,1.0,1.0,1.0,0.0,-0.4520937391140833,1
https://cloudlabslearning.com/auth/session/11471cb9-ea18-4182-b372-ba313c1e9267,1,1.0,0.0,1.0,1.0,1.0,0.0,-0.4520937391140833,1
https://cloudlabslearning.com/auth/session/18071a00-a7ef-49d0-86ce-fd2f2fa2b5de,1,1.0,0.0,1.0,1.0,1.0,0.0,-0.4520937391140833,1
https://cloudlabslearning.com/auth/session/186dcc51-1b06-4194-8622-467fa85f2681,1,13.0,2.0,3.0,0.0,0.0,0.0,-0.3640854717534257,0
https://cloudlabslearning.com/auth/session/1a9c29d7-6693-4781-8b5c-bbed88fd4075,1,1.0,0.0,1.0,1.0,1.0,0.0,-0.4520937391140833,1
https://cloudlabslearning.com/request-demo?err=SUBSCRIPTION_NOT_FOUND#error=login_required&state=8fa3056b-ebbf-421a-88f7-6cd0905df184,1,129.0,0.0,1.0,1.0,1.0,0.0,-0.1476327060826193,1
https://cloudlabslearning.com/seven-tips-to-get-the-most-of-cloudlabs-virtual-stem-in-the-classroom,1,15.0,0.0,2.0,0.0,0.0,0.0,-0.4009537999720796,0
https://cloudlabslearning.com/stem-instructional-design,1,2.0,0.0,1.0,1.0,1.0,0.0,-0.449715137293525,1
https://cloudlabslearning.com/register/88CD5BA59A,1,345.0,0.0,1.0,1.0,1.0,0.0,0.3661452871579762,2
https://cloudlabslearning.com/register/89577793BC,1,1.0,0.0,1.0,1.0,1.0,0.0,-0.4520937391140833,2
https://cloudlabslearning.com/register/9A018B45DA,1,33.0,6.0,1.0,1.0,1.0,0.0,-0.3046204262394679,1
https://cloudlabslearning.com/blogs-and-news/85,1,1.0,0.0,1.0,1.0,1.0,0.0,-0.4520937391140833,1
https://cloudlabslearning.com/blogs-and-news/98,1,16.0,0.0,1.0,1.0,1.0,0.0,-0.4164147118057086,1
https://cloudlabslearning.com/blogs-and-news/99,1,1.0,0.0,1.0,1.0,1.0,0.0,-0.4520937391140833,1
https://cloudlabslearning.com/category/selection,1,2.0,0.0,2.0,0.0,0.0,0.0,-0.4318756236393377,0
https://cloudlabslearning.com/auth/session/f8eb34a5-d7a4-4940-b3a1-d4ecebefe219,1,1.0,0.0,1.0,1.0,1.0,0.0,-0.4520937391140833,1
https://cloudlabslearning.com/auth/session/f9022e57-a09f-4605-aafb-d0091794b220,1,1.0,0.0,1.0,1.0,1.0,0.0,-0.4520937391140833,1
https://cloudlabslearning.com/auth/session/fbe9b75c-fe28-46f9-85f6-954ea5586bc6,1,1.0,0.0,2.0,1.0,0.0,0.0,-0.4342542254598959,1
https://cloudlabslearning.com/verify/B1A4C6,1,24.0,5.0,1.0,1.0,1.0,0.0,-0.3379208517272843,1
https://cloudlabslearning.com/verify/CFF6EC,1,34.0,0.0,1.0,1.0,1.0,0.0,-0.373599879035659,1
https://cloudlabslearning.com/verify/E57F85,1,10.0,0.0,1.0,1.0,1.0,0.0,-0.4306863227290585,1
https://cloudlabslearning.com/verify/F9472E,1,533.0,6.0,5.0,1.0,0.0,0.0,0.9560385386564378,1
https://cloudlabslearning.com/verify/FA4E33,1,34.0,2.0,1.0,1.0,1.0,0.0,-0.3498138608300759,1
https://gtm-msr.appspot.com/render,1,1.0,0.0,1.0,1.0,1.0,0.0,-0.4520937391140833,1
https://landing-client-fgpmbqbusa-uc.a.run.app/,1,1.0,0.0,1.0,1.0,1.0,0.0,-0.4520937391140833,1
https://landing.cloudlabs.media/auth/session/1342101d-e21c-41d7-84a0-542bee85115e,1,1.0,0.0,1.0,1.0,1.0,0.0,-0.4520937391140833,1
https://cloudlabslearning.com/auth/session/c1f46e42-8b86-46b7-bb9c-de92e3bbefa7,1,1.0,0.0,1.0,1.0,1.0,0.0,-0.4520937391140833,1
https://cloudlabslearning.com/curriculum/country-list/detail-country/11589/Maryland,1,1.0,0.0,1.0,1.0,1.0,0.0,-0.4520937391140833,1
https://cloudlabslearning.com/cloudlabs-at-the-nsta-2023-national-conference-in-atlanta-innovating-in-stem-education,1,3.0,0.0,1.0,1.0,1.0,0.0,-0.4473365354729666,1
https://cloudlabslearning.com/cloudlabs-in-brazil,1,1.0,0.0,1.0,1.0,1.0,0.0,-0.4520937391140833,1
https://cloudlabslearning.com/cloudlabs-virtual-stem-trade-shows-usa,1,3.0,0.0,2.0,0.0,0.0,0.0,-0.4294970218187793,0
https://cloudlabslearning.com/commercial-team,1,7.0,0.0,2.0,0.0,0.0,0.0,-0.4199826145365461,0
https://cloudlabslearning.com/curriculum/country-list/detail-country/10051/Georgia,1,21.0,0.0,1.0,1.0,1.0,0.0,-0.404521702702917,1
https://cloudlabslearning.com/curriculum/country-list/detail-country/10051/Georgia/detail-curriculum/10052/Science,1,16.0,0.0,1.0,1.0,1.0,0.0,-0.4164147118057086,1
https://cloudlabslearning.com/curriculum/country-list/detail-country/10051/Georgia/detail-curriculum/10052/Science/detail-grade/10058/Grade%202,1,9.0,0.0,1.0,1.0,1.0,0.0,-0.4330649245496168,1
https://cloudlabslearning.com/curriculum/country-list/detail-country/10051/Georgia/detail-curriculum/10052/Science/detail-grade/10059/Grade%203,1,4.0,2.0,1.0,1.0,1.0,0.0,-0.4211719154468252,1
https://cloudlabslearning.com/curriculum/country-list/detail-country/10051/Georgia/detail-curriculum/10052/Science/detail-grade/10066/Chemistry,1,1.0,0.0,1.0,1.0,1.0,0.0,-0.4520937391140833,1
https://cloudlabslearning.com/curriculum/country-list/detail-country/10051/Georgia/detail-curriculum/10052/Science/detail-grade/10068/Earth%20Systems,1,33.0,0.0,1.0,1.0,1.0,0.0,-0.3759784808562172,1
https://cloudlabslearning.com/curriculum/country-list/detail-country/10051/Georgia/detail-curriculum/10053/Mathematics,1,11.0,0.0,1.0,1.0,1.0,0.0,-0.4283077209085001,1
https://cloudlabslearning.com/blogs-and-news/132,1,31.0,0.0,1.0,1.0,1.0,0.0,-0.3807356844973339,3
https://cloudlabslearning.com/blogs-and-news/133,1,1.0,0.0,1.0,1.0,1.0,0.0,-0.4520937391140833,2
https://cloudlabslearning.com/blogs-and-news/59,1,2.0,0.0,1.0,1.0,1.0,0.0,-0.449715137293525,1
https://cloudlabslearning.com/blogs-and-news/81,1,4.0,0.0,1.0,1.0,1.0,0.0,-0.4449579336524084,1
https://cloudlabslearning.com/curriculum/country-list/detail-country/1374/Florida/detail-curriculum/1375/Middle%20School/detail-grade/1401/Grade%207,1,1.0,0.0,1.0,1.0,1.0,0.0,-0.4520937391140833,1
https://cloudlabslearning.com/curriculum/country-list/detail-country/1374/Florida/detail-curriculum/1454/High%20School/detail-grade/1456/%20Earth%20and%20Space%20Science,1,3.0,0.0,1.0,1.0,1.0,0.0,-0.4473365354729666,1
https://cloudlabslearning.com/curriculum/country-list/detail-country/10051/Georgia/detail-curriculum/10053/Mathematics/detail-grade/10086/Calculus,1,1.0,0.0,1.0,1.0,1.0,0.0,-0.4520937391140833,1
https://cloudlabslearning.com/curriculum/country-list/detail-country/10051/Georgia/detail-curriculum/10053/Mathematics/detail-grade/10087/Statistical%20Reasoning,1,5.0,0.0,1.0,1.0,1.0,0.0,-0.44257933183185,1
https://cloudlabslearning.com/curriculum/country-list/detail-country/10051/Georgia/detail-curriculum/10053/Mathematics/detail-grade/10088/Multivariable%20Calculus,1,9.0,0.0,1.0,1.0,1.0,0.0,-0.4330649245496168,1
https://cloudlabslearning.com/curriculum/country-list/detail-country/10831/Colorado/detail-curriculum/10832/Sciences,1,23.0,0.0,1.0,1.0,1.0,0.0,-0.3997644990618004,1
https://cloudlabslearning.com/curriculum/country-list/detail-country/10831/Colorado/detail-curriculum/10832/Sciences/detail-grade/10843/Grade%204,1,8.0,0.0,1.0,1.0,1.0,0.0,-0.4354435263701751,1
https://cloudlabslearning.com/curriculum/country-list/detail-country/10831/Colorado/detail-curriculum/10832/Sciences/detail-grade/10847/Earth%20and%20Space%20Sciences,1,42.0,13.0,1.0,1.0,1.0,1.0,-0.1999619461349022,1
https://cloudlabslearning.com/curriculum/country-list/detail-country/10831/Colorado/detail-curriculum/10833/Mathematics/detail-grade/10857/Grade%207,1,1.0,0.0,1.0,1.0,1.0,0.0,-0.4520937391140833,1
https://cloudlabslearning.com/curriculum/country-list/detail-country/10831/Colorado/detail-curriculum/10833/Mathematics/detail-grade/10859/Number%20and%20Quantity,1,12.0,0.0,1.0,1.0,1.0,0.0,-0.4259291190879419,1
https://cloudlabslearning.com/curriculum/country-list/detail-country/10831/Colorado/detail-curriculum/10833/Mathematics/detail-grade/10862/Geometry,1,4.0,0.0,1.0,1.0,1.0,0.0,-0.4449579336524084,1
https://cloudlabslearning.com/curriculum/country-list/detail-country/11422/Alabama/detail-curriculum/11423/Natural%20Sciences,1,18.0,0.0,1.0,1.0,1.0,0.0,-0.4116575081645919,1
https://cloudlabslearning.com/curriculum/country-list/detail-country/11422/Alabama/detail-curriculum/11423/Natural%20Sciences/detail-grade/11486/Grade%208,1,3.0,0.0,1.0,1.0,1.0,0.0,-0.4473365354729666,1
https://cloudlabslearning.com/curriculum/country-list/detail-country/11422/Alabama/detail-curriculum/11424/Mathematics,1,1.0,0.0,1.0,1.0,1.0,0.0,-0.4520937391140833,1
https://cloudlabslearning.com/curriculum/country-list/detail-country/11422/Alabama/detail-curriculum/11424/Mathematics/detail-grade/11573/Grade%205,1,17.0,9.0,1.0,1.0,1.0,0.0,-0.3069990280600262,1
https://cloudlabslearning.com/curriculum/country-list/detail-country/11422/Alabama/detail-curriculum/11424/Mathematics/detail-grade/12451/Grade%206,1,4.0,0.0,1.0,1.0,1.0,0.0,-0.4449579336524084,1
https://cloudlabslearning.com/curriculum/country-list/detail-country/14560/Rhode%20Island/detail-curriculum/14562/Mathematics/detail-grade/14588/Grade%207,1,6.0,0.0,1.0,1.0,1.0,0.0,-0.4402007300112917,1
https://cloudlabslearning.com/curriculum/country-list/detail-country/14560/Rhode%20Island/detail-curriculum/14562/Mathematics/detail-grade/14590/Number%20and%20Quantity,1,14.0,0.0,1.0,1.0,1.0,0.0,-0.4211719154468252,1
https://cloudlabslearning.com/curriculum/country-list/detail-country/14560/Rhode%20Island/detail-curriculum/14562/Mathematics/detail-grade/14591/Algebra,1,11.0,0.0,1.0,1.0,1.0,0.0,-0.4283077209085001,1
https://cloudlabslearning.com/curriculum/country-list/detail-country/11589/Maryland/detail-curriculum/11590/Natural%20Sciences,1,1.0,0.0,1.0,1.0,1.0,0.0,-0.4520937391140833,1
https://cloudlabslearning.com/curriculum/country-list/detail-country/11589/Maryland/detail-curriculum/11590/Natural%20Sciences/detail-grade/11600/Physical%20Science,1,1.0,0.0,1.0,1.0,1.0,0.0,-0.4520937391140833,1
https://cloudlabslearning.com/curriculum/country-list/detail-country/11589/Maryland/detail-curriculum/11590/Natural%20Sciences/detail-grade/11603/Engineering%20Design,1,6.0,0.0,1.0,1.0,1.0,0.0,-0.4402007300112917,1
https://cloudlabslearning.com/curriculum/country-list/detail-country/12625/Illinois/detail-curriculum/12626/Natural%20Sciences%20(NGSS)/detail-grade/12641/Earth%20and%20Space%20Sciences,1,1.0,0.0,1.0,1.0,1.0,0.0,-0.4520937391140833,1
https://cloudlabslearning.com/curriculum/country-list/detail-country/12625/Illinois/detail-curriculum/12626/Natural%20Sciences%20(NGSS)/detail-grade/12642/Engineering%20Design,1,14.0,0.0,1.0,1.0,1.0,0.0,-0.4211719154468252,1
https://cloudlabslearning.com/curriculum/country-list/detail-country/12625/Illinois/detail-curriculum/12626/Natural%20Sciences%20(NGSS)/detail-grade/12644/Life%20Science,1,11.0,0.0,1.0,1.0,1.0,0.0,-0.4283077209085001,1
https://cloudlabslearning.com/curriculum/country-list/detail-country/12625/Illinois/detail-curriculum/12627/Mathematics%20(CCSS),1,30.0,0.0,1.0,1.0,1.0,0.0,-0.3831142863178922,1
https://cloudlabslearning.com/curriculum/country-list/detail-country/12625/Illinois/detail-curriculum/12627/Mathematics%20(CCSS)/detail-grade/12650/Grade%204,1,2.0,0.0,1.0,1.0,1.0,0.0,-0.449715137293525,1
https://cloudlabslearning.com/curriculum/country-list/detail-country/12625/Illinois/detail-curriculum/12627/Mathematics%20(CCSS)/detail-grade/12656/Algebra,1,7.0,0.0,1.0,1.0,1.0,0.0,-0.4378221281907334,1
https://cloudlabslearning.com/curriculum/country-list/detail-country/13253/California/detail-curriculum/13255/Mathematics,1,22.0,0.0,1.0,1.0,1.0,0.0,-0.4021431008823588,1
https://cloudlabslearning.com/curriculum/country-list/detail-country/13253/California/detail-curriculum/13255/Mathematics/detail-grade/13280/Functions,1,3.0,0.0,1.0,1.0,1.0,0.0,-0.4473365354729666,1
https://cloudlabslearning.com/curriculum/country-list/detail-country/1374/Florida/detail-curriculum/1375/Middle%20School,1,14.0,0.0,1.0,1.0,1.0,0.0,-0.4211719154468252,1
https://cloudlabslearning.com/curriculum/country-list/detail-country/1374/Florida/detail-curriculum/1375/Middle%20School/detail-grade/1400/Grade%206,1,3.0,0.0,1.0,1.0,1.0,0.0,-0.4473365354729666,1
https://cloudlabslearning.com/curriculum/country-list/detail-country/15796/Nebraska/detail-curriculum/15798/Mathematics/detail-grade/16155/Grade%207,1,1.0,0.0,1.0,1.0,1.0,0.0,-0.4520937391140833,1
https://cloudlabslearning.com/curriculum/country-list/detail-country/15796/Nebraska/detail-curriculum/15798/Mathematics/detail-grade/16157/Number,1,6.0,0.0,1.0,1.0,1.0,0.0,-0.4402007300112917,1
https://cloudlabslearning.com/curriculum/country-list/detail-country/15796/Nebraska/detail-curriculum/15798/Mathematics/detail-grade/16159/Geometry,1,17.0,0.0,1.0,1.0,1.0,0.0,-0.4140361099851503,1
https://cloudlabslearning.com/curriculum/country-list/detail-country/15796/Nebraska/detail-curriculum/15798/Mathematics/detail-grade/16163/Geometry,1,13.0,0.0,1.0,1.0,1.0,0.0,-0.4235505172673835,1
https://cloudlabslearning.com/curriculum/country-list/detail-country/1374/Florida/detail-curriculum/1454/High%20School/detail-grade/1484/Life%20Science,1,22.0,13.0,1.0,1.0,1.0,1.0,-0.2475339825460684,1
https://cloudlabslearning.com/curriculum/country-list/detail-country/1374/Florida/detail-curriculum/1454/High%20School/detail-grade/21671/Algebraic%20Reasoning,1,49.0,12.0,1.0,1.0,1.0,1.0,-0.1952047424937855,1
https://cloudlabslearning.com/curriculum/country-list/detail-country/1374/Florida/detail-curriculum/21841/Assessments,1,20.0,0.0,1.0,1.0,1.0,0.0,-0.4069003045234753,1
https://cloudlabslearning.com/curriculum/country-list/detail-country/1374/Florida/detail-curriculum/21841/Assessments/detail-grade/21861/Earth%20and%20Space%20Science%20-%20Grade%208,1,24.0,0.0,1.0,1.0,1.0,0.0,-0.3973858972412421,1
https://cloudlabslearning.com/curriculum/country-list/detail-country/1374/Florida/detail-curriculum/3008/Elementary/detail-grade/21631/Grade%205,1,1.0,0.0,1.0,1.0,1.0,0.0,-0.4520937391140833,1
https://cloudlabslearning.com/curriculum/country-list/detail-country/1374/Florida/detail-curriculum/3012/Kindergarten/detail-grade/3014/Life%20Science,1,6.0,0.0,1.0,1.0,1.0,0.0,-0.4402007300112917,1
https://cloudlabslearning.com/curriculum/country-list/detail-country/1374/Florida/detail-curriculum/3012/Kindergarten/detail-grade/3017/Physical%20Science,1,29.0,1.0,1.0,1.0,1.0,0.0,-0.373599879035659,1
https://cloudlabslearning.com/curriculum/country-list/detail-country/1374/Florida/detail-curriculum/3012/Kindergarten/detail-grade/3321/Data%20Analysis%20and%20Probability,1,2.0,0.0,1.0,1.0,1.0,0.0,-0.449715137293525,1
https://cloudlabslearning.com/curriculum/country-list/detail-country/14560/Rhode%20Island/detail-curriculum/14561/Science/detail-grade/14572/Life%20Science,1,9.0,0.0,1.0,1.0,1.0,0.0,-0.4330649245496168,1
https://cloudlabslearning.com/curriculum/country-list/detail-country/14560/Rhode%20Island/detail-curriculum/14561/Science/detail-grade/14576/Life%20Science,1,1.0,0.0,1.0,1.0,1.0,0.0,-0.4520937391140833,1
https://cloudlabslearning.com/curriculum/country-list/detail-country/14560/Rhode%20Island/detail-curriculum/14562/Mathematics,1,24.0,0.0,1.0,1.0,1.0,0.0,-0.3973858972412421,1
https://cloudlabslearning.com/curriculum/country-list/detail-country/14560/Rhode%20Island/detail-curriculum/14562/Mathematics/detail-grade/14584/Grade%203,1,3.0,0.0,1.0,1.0,1.0,0.0,-0.4473365354729666,1
https://cloudlabslearning.com/curriculum/country-list/detail-country/17557/Tennessee/detail-curriculum/17558/Science/detail-grade/17564/Grade%203,1,4.0,0.0,1.0,1.0,1.0,0.0,-0.4449579336524084,1
https://cloudlabslearning.com/curriculum/country-list/detail-country/17557/Tennessee/detail-curriculum/17558/Science/detail-grade/17569/Grade%208,1,5.0,1.0,1.0,1.0,1.0,0.0,-0.4306863227290585,1
https://cloudlabslearning.com/curriculum/country-list/detail-country/17557/Tennessee/detail-curriculum/17558/Science/detail-grade/17580/Physical%20World%20Concepts,1,12.0,0.0,1.0,1.0,1.0,0.0,-0.4259291190879419,1
https://cloudlabslearning.com/curriculum/country-list/detail-country/17557/Tennessee/detail-curriculum/17558/Science/detail-grade/17582/Physics%20II,1,1.0,0.0,1.0,1.0,1.0,0.0,-0.4520937391140833,1
https://cloudlabslearning.com/curriculum/country-list/detail-country/17843/Kansas/detail-curriculum/20236/Science/detail-grade/20246/Grade%203,1,2.0,0.0,1.0,1.0,1.0,0.0,-0.449715137293525,1
https://cloudlabslearning.com/curriculum/country-list/detail-country/14931/Hawaii/detail-curriculum/14932/Sciences/detail-grade/14944/Grade%205,1,11.0,0.0,1.0,1.0,1.0,0.0,-0.4283077209085001,1
https://cloudlabslearning.com/curriculum/country-list/detail-country/14931/Hawaii/detail-curriculum/14932/Sciences/detail-grade/14948/Engineering%20Design,1,19.0,0.0,1.0,1.0,1.0,0.0,-0.4092789063440337,1
https://cloudlabslearning.com/curriculum/country-list/detail-country/14931/Hawaii/detail-curriculum/14933/Mathematics/detail-grade/14955/Grade%203,1,8.0,0.0,1.0,1.0,1.0,0.0,-0.4354435263701751,1
https://cloudlabslearning.com/curriculum/country-list/detail-country/14931/Hawaii/detail-curriculum/14933/Mathematics/detail-grade/14957/Grade%205,1,2.0,0.0,1.0,1.0,1.0,0.0,-0.449715137293525,1
https://cloudlabslearning.com/curriculum/country-list/detail-country/14931/Hawaii/detail-curriculum/14933/Mathematics/detail-grade/14961/Number%20and%20Quantity,1,1.0,0.0,1.0,1.0,1.0,0.0,-0.4520937391140833,1
https://cloudlabslearning.com/curriculum/country-list/detail-country/1516/Arizona/detail-curriculum/1517/Middle%20School/detail-grade/1555/Grade%207,1,1.0,0.0,1.0,1.0,1.0,0.0,-0.4520937391140833,1
https://cloudlabslearning.com/curriculum/country-list/detail-country/1516/Arizona/detail-curriculum/1617/High%20School,1,11.0,0.0,1.0,1.0,1.0,0.0,-0.4283077209085001,1
https://cloudlabslearning.com/curriculum/country-list/detail-country/1516/Arizona/detail-curriculum/1617/High%20School/detail-grade/1734/Algebra%20II,1,1.0,0.0,1.0,1.0,1.0,0.0,-0.4520937391140833,1
https://cloudlabslearning.com/curriculum/country-list/detail-country/15796/Nebraska/detail-curriculum/15797/Sciences/detail-grade/15806/Grade%205,1,20.0,0.0,1.0,1.0,1.0,0.0,-0.4069003045234753,1
https://cloudlabslearning.com/curriculum/country-list/detail-country/15796/Nebraska/detail-curriculum/15797/Sciences/detail-grade/15810/Physical%20Science,1,1.0,0.0,1.0,1.0,1.0,0.0,-0.4520937391140833,1
https://cloudlabslearning.com/curriculum/country-list/detail-country/15796/Nebraska/detail-curriculum/15798/Mathematics/detail-grade/16153/Grade%205,1,3.0,0.0,1.0,1.0,1.0,0.0,-0.4473365354729666,1
https://cloudlabslearning.com/curriculum/country-list/detail-country/19615/Delaware/detail-curriculum/19617/Mathematics/detail-grade/19641/Grade%205,1,1.0,0.0,1.0,1.0,1.0,0.0,-0.4520937391140833,1
https://cloudlabslearning.com/curriculum/country-list/detail-country/19615/Delaware/detail-curriculum/19617/Mathematics/detail-grade/19646/Algebra,1,7.0,0.0,1.0,1.0,1.0,0.0,-0.4378221281907334,1
https://cloudlabslearning.com/curriculum/country-list/detail-country/19615/Delaware/detail-curriculum/19617/Mathematics/detail-grade/19647/Functions,1,4.0,0.0,1.0,1.0,1.0,0.0,-0.4449579336524084,1
https://cloudlabslearning.com/curriculum/country-list/detail-country/22218/New%20York,1,14.0,0.0,1.0,1.0,1.0,0.0,-0.4211719154468252,1
https://cloudlabslearning.com/curriculum/country-list/detail-country/22218/New%20York/detail-curriculum/22219/Elementary%20School,1,1.0,0.0,1.0,1.0,1.0,0.0,-0.4520937391140833,1
https://cloudlabslearning.com/curriculum/country-list/detail-country/22218/New%20York/detail-curriculum/22221/High%20School,1,14.0,0.0,1.0,1.0,1.0,0.0,-0.4211719154468252,1
https://cloudlabslearning.com/curriculum/country-list/detail-country/16536/Michigan/detail-curriculum/16772/Science/detail-grade/16780/Grade%201,1,2.0,0.0,1.0,1.0,1.0,0.0,-0.449715137293525,1
https://cloudlabslearning.com/curriculum/country-list/detail-country/16536/Michigan/detail-curriculum/16772/Science/detail-grade/16784/Grade%205,1,6.0,0.0,1.0,1.0,1.0,0.0,-0.4402007300112917,1
https://cloudlabslearning.com/curriculum/country-list/detail-country/16536/Michigan/detail-curriculum/16772/Science/detail-grade/16785/Grade%206%20-%208,1,3.0,0.0,1.0,1.0,1.0,0.0,-0.4473365354729666,1
https://cloudlabslearning.com/curriculum/country-list/detail-country/16536/Michigan/detail-curriculum/16773/Mathematics,1,1.0,0.0,1.0,1.0,1.0,0.0,-0.4520937391140833,1
https://cloudlabslearning.com/curriculum/country-list/detail-country/16536/Michigan/detail-curriculum/16773/Mathematics/detail-grade/16788/Grade%202,1,8.0,0.0,1.0,1.0,1.0,0.0,-0.4354435263701751,1
https://cloudlabslearning.com/curriculum/country-list/detail-country/16536/Michigan/detail-curriculum/16773/Mathematics/detail-grade/16793/Grade%207,1,6.0,0.0,1.0,1.0,1.0,0.0,-0.4402007300112917,1
https://cloudlabslearning.com/curriculum/country-list/detail-country/16536/Michigan/detail-curriculum/16773/Mathematics/detail-grade/16794/Grade%208,1,3.0,0.0,1.0,1.0,1.0,0.0,-0.4473365354729666,1
https://cloudlabslearning.com/curriculum/country-list/detail-country/16536/Michigan/detail-curriculum/16773/Mathematics/detail-grade/16796/Algebra,1,3.0,0.0,1.0,1.0,1.0,0.0,-0.4473365354729666,1
https://cloudlabslearning.com/curriculum/country-list/detail-country/16536/Michigan/detail-curriculum/16773/Mathematics/detail-grade/16798/Geometry,1,2.0,0.0,1.0,1.0,1.0,0.0,-0.449715137293525,1
https://cloudlabslearning.com/curriculum/country-list/detail-country/17557/Tennessee,1,5.0,0.0,1.0,1.0,1.0,0.0,-0.44257933183185,1
https://cloudlabslearning.com/auth/session/cf36c04c-c727-4aea-8b27-f310d4dde96f,1,4.0,2.0,3.0,0.0,0.0,0.0,-0.3854928881384505,0
https://cloudlabslearning.com/auth/session/d18c06bb-ffa9-48b5-8d32-7d187f1e41c6,1,1.0,0.0,1.0,1.0,1.0,0.0,-0.4520937391140833,1
https://cloudlabslearning.com/auth/session/d60ab521-15a2-4ffa-bcb8-ad9cc97dd177,1,1.0,0.0,1.0,1.0,1.0,0.0,-0.4520937391140833,1
https://cloudlabslearning.com/auth/session/d758afb1-29a0-45a1-a138-f5d94b733dae,1,2661.0,0.0,4.0,0.0,0.0,0.0,5.92850564453359,0
https://cloudlabslearning.com/auth/session/d9cb1b43-b9cd-4ba0-a39b-dfc2211c493e,1,1.0,0.0,1.0,1.0,1.0,0.0,-0.4520937391140833,1
https://cloudlabslearning.com/auth/session/db78a113-0178-486d-b48b-2060b6394e04,1,2772.0,0.0,4.0,0.0,0.0,0.0,6.192530446615563,0
https://cloudlabslearning.com/auth/session/dd702428-6c80-434f-8945-3021ae312ff9,1,1.0,0.0,2.0,1.0,0.0,0.0,-0.4342542254598959,1
https://cloudlabslearning.com/auth/session/e02d496d-eb41-4d64-b861-708bf299791b,1,487.0,8.0,12.0,0.0,0.0,0.0,0.99528546869565,0
https://cloudlabslearning.com/auth/session/aaca5e86-0114-4e3f-a246-4eed9a342688,1,1.0,0.0,2.0,1.0,0.0,0.0,-0.4342542254598959,1
https://cloudlabslearning.com/auth/session/b0690d2f-0e9b-454d-a821-93e26e11df58,1,41.0,2.0,5.0,0.0,0.0,0.0,-0.2618055934694183,0
https://cloudlabslearning.com/auth/session/b28aae0f-d018-487a-80bd-5de2b4506389,1,1.0,0.0,1.0,1.0,1.0,0.0,-0.4520937391140833,1
https://cloudlabslearning.com/auth/session/b37cbc6a-cd8e-41f8-be05-a0291db41e36,1,1.0,0.0,1.0,1.0,1.0,0.0,-0.4520937391140833,1
https://cloudlabslearning.com/auth/session/b3e12789-04e0-41cf-ad35-7ab52b176141,1,1.0,0.0,1.0,1.0,1.0,0.0,-0.4520937391140833,1
https://cloudlabslearning.com/auth/session/b615f23d-8e37-4c60-ba87-89e64929b5e6,1,826.0,8.0,6.0,0.0,0.0,0.0,1.694594403939794,0
https://cloudlabslearning.com/auth/session/ba72f681-8fb8-4317-8662-a7e2a26e2bf5,1,2.0,0.0,1.0,1.0,1.0,0.0,-0.449715137293525,1
https://cloudlabslearning.com/auth/session/baf9e825-364d-4fae-83f8-536a6fe81b7c,1,1.0,0.0,1.0,1.0,1.0,0.0,-0.4520937391140833,2
https://cloudlabslearning.com/curriculum/country-list/detail-country/243/M%C3%A9xico/detail-curriculum/358/Secundaria,1,558.0,0.0,1.0,1.0,1.0,0.0,0.8727874749368969,2
https://cloudlabslearning.com/curriculum/country-list/detail-country/29/Colombia%20-%20DBA/detail-curriculum/33/Educaci%C3%B3n%20B%C3%A1sica%20Secundaria,1,36.0,0.0,2.0,1.0,0.0,0.0,-0.351003161740355,2
https://cloudlabslearning.com/curriculum/country-list/detail-country/29/Colombia%20-%20DBA/detail-curriculum/33/Educaci%C3%B3n%20B%C3%A1sica%20Secundaria/detail-grade/201/Sexto%20(6%C2%B0),1,1.0,0.0,1.0,1.0,1.0,0.0,-0.4520937391140833,2
https://cloudlabslearning.com/curriculum/country-list/detail-country/3843/South%20Carolina%20-%20SC/detail-curriculum/5155/Elementary/detail-grade/5164/Grade%205,1,6.0,0.0,1.0,1.0,1.0,0.0,-0.4402007300112917,1
https://cloudlabslearning.com/curriculum/country-list/detail-country/3843/South%20Carolina%20-%20SC/detail-curriculum/5155/Elementary/detail-grade/5167/Grade%203,1,2.0,0.0,1.0,1.0,1.0,0.0,-0.449715137293525,1
https://cloudlabslearning.com/curriculum/country-list/detail-country/3843/South%20Carolina%20-%20SC/detail-curriculum/5156/Middle%20School,1,1.0,0.0,1.0,1.0,1.0,0.0,-0.4520937391140833,1
https://cloudlabslearning.com/curriculum/country-list/detail-country/3843/South%20Carolina%20-%20SC/detail-curriculum/5156/Middle%20School/detail-grade/5172/Grade%206,1,15.0,0.0,1.0,1.0,1.0,0.0,-0.4187933136262669,1
https://cloudlabslearning.com/curriculum/country-list/detail-country/17843/Kansas/detail-curriculum/20236/Science/detail-grade/20248/Grade%205,1,3.0,0.0,1.0,1.0,1.0,0.0,-0.4473365354729666,1
https://cloudlabslearning.com/curriculum/country-list/detail-country/17843/Kansas/detail-curriculum/20236/Science/detail-grade/20255/Earth%20and%20Space%20Sciences,1,1.0,0.0,1.0,1.0,1.0,0.0,-0.4520937391140833,1
https://cloudlabslearning.com/curriculum/country-list/detail-country/17843/Kansas/detail-curriculum/20237/Mathematics/detail-grade/20261/Grade%205,1,6.0,0.0,1.0,1.0,1.0,0.0,-0.4402007300112917,1
https://cloudlabslearning.com/curriculum/country-list/detail-country/17843/Kansas/detail-curriculum/20237/Mathematics/detail-grade/20263/Grade%207,1,1.0,0.0,1.0,1.0,1.0,0.0,-0.4520937391140833,1
https://cloudlabslearning.com/curriculum/country-list/detail-country/19615/Delaware/detail-curriculum/19616/Science,1,1.0,0.0,1.0,1.0,1.0,0.0,-0.4520937391140833,1
https://cloudlabslearning.com/curriculum/country-list/detail-country/19615/Delaware/detail-curriculum/19616/Science/detail-grade/19628/Grade%205,1,1.0,0.0,1.0,1.0,1.0,0.0,-0.4520937391140833,1
https://cloudlabslearning.com/curriculum/country-list/detail-country/19615/Delaware/detail-curriculum/19616/Science/detail-grade/19631/Earth%20and%20Space%20Sciences,1,3.0,0.0,1.0,1.0,1.0,0.0,-0.4473365354729666,1
https://cloudlabslearning.com/curriculum/country-list/detail-country/19615/Delaware/detail-curriculum/19616/Science/detail-grade/19632/Engineering%20Design,1,1.0,0.0,1.0,1.0,1.0,0.0,-0.4520937391140833,1
https://cloudlabslearning.com/curriculum/country-list/detail-country/19615/Delaware/detail-curriculum/19616/Science/detail-grade/19651/Engineering%20Design%20(3-5),1,2.0,0.0,1.0,1.0,1.0,0.0,-0.449715137293525,1
https://cloudlabslearning.com/curriculum/country-list/detail-country/7001/Maine/detail-curriculum/7024/EL%20-%20Mathematics/detail-grade/7067/Measurement%20&%20Data,1,3.0,0.0,1.0,1.0,1.0,0.0,-0.4473365354729666,1
https://cloudlabslearning.com/curriculum/country-list/detail-country/7625/New%20Mexico,1,23.0,0.0,1.0,1.0,1.0,0.0,-0.3997644990618004,1
https://cloudlabslearning.com/curriculum/country-list/detail-country/8250/Oregon,1,1.0,0.0,1.0,1.0,1.0,0.0,-0.4520937391140833,1
https://cloudlabslearning.com/curriculum/country-list/detail-country/8250/Oregon/detail-curriculum/8251/Sciences/detail-grade/8261/Grade%206,1,2.0,0.0,1.0,1.0,1.0,0.0,-0.449715137293525,1
https://cloudlabslearning.com/curriculum/country-list/detail-country/8250/Oregon/detail-curriculum/8251/Sciences/detail-grade/8267/Earth%20and%20Space%20Sciences,1,5.0,0.0,1.0,1.0,1.0,0.0,-0.44257933183185,1
https://cloudlabslearning.com/curriculum/country-list/detail-country/8250/Oregon/detail-curriculum/8252/Mathematics/detail-grade/8274/Grade%203,1,1.0,0.0,1.0,1.0,1.0,0.0,-0.4520937391140833,1
https://cloudlabslearning.com/curriculum/country-list/detail-country/8250/Oregon/detail-curriculum/8252/Mathematics/detail-grade/8275/Grade%204,1,2.0,0.0,1.0,1.0,1.0,0.0,-0.449715137293525,1
https://cloudlabslearning.com/tag/physics,1,15.0,0.0,2.0,0.0,0.0,0.0,-0.4009537999720796,0
https://cloudlabslearning.com/testimonials,1,4.0,0.0,1.0,1.0,1.0,0.0,-0.4449579336524084,1
https://cloudlabslearning.com/the-importance-of-the-study-of-units-of-measurement-in-science-and-mathematics,1,4.0,0.0,2.0,0.0,0.0,0.0,-0.427118419998221,0
https://cloudlabslearning.com/verify/0EBA64,1,9.0,1.0,1.0,1.0,1.0,0.0,-0.4211719154468252,1
https://cloudlabslearning.com/verify/1AA9BB,1,36.0,4.0,1.0,1.0,1.0,0.0,-0.3212706389833761,1
https://cloudlabslearning.com/verify/386E65,1,17.0,1.0,1.0,1.0,1.0,0.0,-0.4021431008823588,1
https://cloudlabslearning.com/verify/7294FD,1,91.0,4.0,1.0,1.0,1.0,0.0,-0.1904475388526689,1
https://cloudlabslearning.com/verify/97A261,1,34.0,8.0,1.0,1.0,1.0,0.0,-0.2784558062133265,1
https://cloudlabslearning.com/curriculum/country-list/detail-country/243/M%C3%A9xico,1,642.0,23.0,2.0,0.0,0.0,1.0,1.3639687508821885,1
https://cloudlabslearning.com/curriculum/country-list/detail-country/8285/Oklahoma/detail-curriculum/8287/Mathematics/detail-grade/8320/Statistics%20and%20Probability,1,2.0,0.0,1.0,1.0,1.0,0.0,-0.449715137293525,1
https://cloudlabslearning.com/curriculum/country-list/detail-country/982/New%20Jersey/detail-curriculum/2632/Middle%20School/detail-grade/2634/Matter%20and%20its%20Interactions,1,3.0,0.0,1.0,1.0,1.0,0.0,-0.4473365354729666,1
https://cloudlabslearning.com/curriculum/country-list/detail-country/982/New%20Jersey/detail-curriculum/2632/Middle%20School/detail-grade/2648/Motion%20and%20Stability:%20Forces%20and%20Interactions,1,11.0,0.0,1.0,1.0,1.0,0.0,-0.4283077209085001,1
https://cloudlabslearning.com/curriculum/country-list/detail-country/982/New%20Jersey/detail-curriculum/2632/Middle%20School/detail-grade/2655/Energy,1,9.0,0.0,1.0,1.0,1.0,0.0,-0.4330649245496168,1
https://cloudlabslearning.com/curriculum/country-list/detail-country/982/New%20Jersey/detail-curriculum/2632/Middle%20School/detail-grade/2658/Waves%20and%20Their%20Applications%20in%20Technologies,1,3.0,0.0,1.0,1.0,1.0,0.0,-0.4473365354729666,1
https://cloudlabslearning.com/curriculum/country-list/detail-country/982/New%20Jersey/detail-curriculum/2632/Middle%20School/detail-grade/2684/%20Heredity:%20Inheritance%20and%20Variation,1,2.0,0.0,1.0,1.0,1.0,0.0,-0.449715137293525,1
https://cloudlabslearning.com/curriculum/country-list/detail-country/982/New%20Jersey/detail-curriculum/2632/Middle%20School/detail-grade/2700/Biological%20Evolution:%20Unity%20and%20Diversity,1,1.0,0.0,1.0,1.0,1.0,0.0,-0.4520937391140833,1
https://cloudlabslearning.com/curriculum/country-list/detail-country/3843/South%20Carolina%20-%20SC/detail-curriculum/5156/Middle%20School/detail-grade/5175/Grade%206,1,9.0,0.0,1.0,1.0,1.0,0.0,-0.4330649245496168,1
https://cloudlabslearning.com/curriculum/country-list/detail-country/3843/South%20Carolina%20-%20SC/detail-curriculum/5156/Middle%20School/detail-grade/5176/Grade%207,1,4.0,0.0,1.0,1.0,1.0,0.0,-0.4449579336524084,1
https://cloudlabslearning.com/curriculum/country-list/detail-country/3843/South%20Carolina%20-%20SC/detail-curriculum/5157/High%20School/detail-grade/5184/Geometry%20with%20Statistics,1,9.0,0.0,1.0,1.0,1.0,0.0,-0.4330649245496168,1
https://cloudlabslearning.com/curriculum/country-list/detail-country/3843/South%20Carolina%20-%20SC/detail-curriculum/5157/High%20School/detail-grade/5185/Algebra%201,1,1.0,0.0,1.0,1.0,1.0,0.0,-0.4520937391140833,1
https://cloudlabslearning.com/curriculum/country-list/detail-country/3843/South%20Carolina%20-%20SC/detail-curriculum/5157/High%20School/detail-grade/5188/Calculus,1,1.0,0.0,1.0,1.0,1.0,0.0,-0.4520937391140833,1
https://cloudlabslearning.com/curriculum/country-list/detail-country/7001/Maine,1,22.0,0.0,1.0,1.0,1.0,0.0,-0.4021431008823588,1
https://cloudlabslearning.com/curriculum/country-list/detail-country/7001/Maine/detail-curriculum/7002/EL%20-%20Science,1,19.0,0.0,1.0,1.0,1.0,0.0,-0.4092789063440337,1
https://cloudlabslearning.com/curriculum/country-list/detail-country/7001/Maine/detail-curriculum/7002/EL%20-%20Science/detail-grade/7182/Life%20Sciences%20(LS),1,11.0,0.0,1.0,1.0,1.0,0.0,-0.4283077209085001,1
https://cloudlabslearning.com/curriculum/country-list/detail-country/7001/Maine/detail-curriculum/7003/MS%20-%20Science/detail-grade/7258/PS4,1,1.0,0.0,1.0,1.0,1.0,0.0,-0.4520937391140833,1
https://cloudlabslearning.com/curriculum/country-list/detail-country/982/New%20Jersey/detail-curriculum/2635/High%20School/detail-grade/3387/Number%20and%20Quantity-%20Vector%20and%20Matrix%20Quantities,1,15.0,0.0,1.0,1.0,1.0,0.0,-0.4187933136262669,1
https://cloudlabslearning.com/curriculum/country-list/detail-country/982/New%20Jersey/detail-curriculum/2635/High%20School/detail-grade/3405/Algebra-%20Creating%20Equations,1,2.0,0.0,1.0,1.0,1.0,0.0,-0.449715137293525,1
https://cloudlabslearning.com/curriculum/country-list/detail-country/982/New%20Jersey/detail-curriculum/2635/High%20School/detail-grade/3412/Functions-%20Interpreting%20Functions,1,1.0,0.0,1.0,1.0,1.0,0.0,-0.4520937391140833,1
https://cloudlabslearning.com/curriculum/country-list/detail-country/982/New%20Jersey/detail-curriculum/2635/High%20School/detail-grade/3433/Statistics%20and%20Probability-Making%20Inferences,1,1.0,0.0,1.0,1.0,1.0,0.0,-0.4520937391140833,1
https://cloudlabslearning.com/curriculum/country-list/detail-country/982/New%20Jersey/detail-curriculum/2635/High%20School/detail-grade/3458/Geometry-%20Circles,1,2.0,0.0,1.0,1.0,1.0,0.0,-0.449715137293525,1
https://cloudlabslearning.com/curriculum/country-list/detail-country/982/New%20Jersey/detail-curriculum/2635/High%20School/detail-grade/3469/Statistics%20and%20Probability-Conditional%20Probability,1,60.0,9.0,5.0,1.0,0.0,0.0,-0.1333610951592694,1
https://cloudlabslearning.com/curriculum/country-list/detail-country/982/New%20Jersey/detail-curriculum/2635/High%20School/detail-grade/3503/Statistics%20and%20Probability-%20Making%20Inferences,1,5.0,0.0,1.0,1.0,1.0,0.0,-0.44257933183185,1
https://cloudlabslearning.com/curriculum/detail-country/243/M%C3%A9xico/detail-curriculum/359/Bachillerato%20general,1,1.0,0.0,1.0,1.0,1.0,0.0,-0.4520937391140833,5
https://cloudlabslearning.com/curriculum/country-list/detail-country/8250/Oregon/detail-curriculum/8252/Mathematics/detail-grade/8276/Grade%205,1,24.0,0.0,1.0,1.0,1.0,0.0,-0.3973858972412421,1
https://cloudlabslearning.com/curriculum/country-list/detail-country/8250/Oregon/detail-curriculum/8252/Mathematics/detail-grade/8282/Number%20and%20Quantity,1,4.0,0.0,1.0,1.0,1.0,0.0,-0.4449579336524084,1
https://cloudlabslearning.com/curriculum/country-list/detail-country/8250/Oregon/detail-curriculum/8252/Mathematics/detail-grade/8283/Geometric%20Reasoning%20and%20Measurement,1,2.0,0.0,1.0,1.0,1.0,0.0,-0.449715137293525,1
https://cloudlabslearning.com/curriculum/country-list/detail-country/8285/Oklahoma,1,1.0,0.0,1.0,1.0,1.0,0.0,-0.4520937391140833,1
https://cloudlabslearning.com/curriculum/country-list/detail-country/8285/Oklahoma/detail-curriculum/8286/Sciences/detail-grade/8296/Grade%203,1,1.0,0.0,1.0,1.0,1.0,0.0,-0.4520937391140833,1
https://cloudlabslearning.com/curriculum/country-list/detail-country/8285/Oklahoma/detail-curriculum/8287/Mathematics/detail-grade/8311/Grade%204,1,6.0,0.0,1.0,1.0,1.0,0.0,-0.4402007300112917,1
https://cloudlabslearning.com/curriculum/country-list/detail-country/8285/Oklahoma/detail-curriculum/8287/Mathematics/detail-grade/8312/Grade%205,1,2.0,0.0,1.0,1.0,1.0,0.0,-0.449715137293525,1
https://cloudlabslearning.com/curriculum/country-list/detail-country/8285/Oklahoma/detail-curriculum/8287/Mathematics/detail-grade/8316/Algebra%201,1,11.0,0.0,1.0,1.0,1.0,0.0,-0.4283077209085001,1
https://landing.cloudlabs.media/auth/session/2ddee2bb-a8ab-4c1c-a81a-1b6520552570,1,1.0,0.0,1.0,1.0,1.0,0.0,-0.4520937391140833,1
https://landing.cloudlabs.media/auth/session/2ec93eb5-9eb5-4c10-95bc-5b39a7254acd,1,1.0,0.0,1.0,1.0,1.0,0.0,-0.4520937391140833,1
https://landing.cloudlabs.media/auth/session/3827ee67-6ad0-4c92-8a3e-f0eb4a8293f1,1,2581.0,0.0,5.0,0.0,0.0,0.0,5.7560570125431125,0
https://landing.cloudlabs.media/auth/session/444af92f-b439-408b-8e77-8e4e30491ffd,1,1.0,0.0,1.0,1.0,1.0,0.0,-0.4520937391140833,1
https://landing.cloudlabs.media/auth/session/45d19055-b589-435f-9b84-acb30980021e,1,1.0,0.0,1.0,1.0,1.0,0.0,-0.4520937391140833,1
https://landing.cloudlabs.media/auth/session/4ccf13e4-5235-4b80-a544-aedcfdeee688,1,1.0,0.0,1.0,1.0,1.0,0.0,-0.4520937391140833,1
https://landing.cloudlabs.media/auth/session/4ef2f2a7-9c9b-4cb5-a188-1551725b5494,1,2542.0,0.0,6.0,0.0,0.0,0.0,5.681131055195527,0
https://cloudlabslearning.com/auth/session/79cac1e1-0399-431a-b289-cc7dedca8550,1,165.0,0.0,2.0,0.0,0.0,0.0,-0.0441635268883327,1
https://cloudlabslearning.com/auth/session/819d246b-376b-4645-b911-d3d96b2d05fa,1,2.0,0.0,1.0,1.0,1.0,0.0,-0.449715137293525,1
https://cloudlabslearning.com/auth/session/8468a041-98ee-4fa5-ba68-8b964fb95fa1,1,1.0,0.0,1.0,1.0,1.0,0.0,-0.4520937391140833,1
https://cloudlabslearning.com/auth/session/90ef2672-74f1-4e7d-998c-38ee9ae6bb08,1,166.0,1.0,4.0,0.0,0.0,0.0,0.0057871113433918,1
https://cloudlabslearning.com/curriculum/state-list/233,1,4.0,0.0,1.0,1.0,1.0,0.0,-0.4449579336524084,1
https://cloudlabslearning.com/curriculum/country-list/detail-country/982/New%20Jersey/detail-curriculum/2632/Middle%20School/detail-grade/2710/Earth%E2%80%99s%20Place%20in%20the%20Universe,1,5.0,0.0,1.0,1.0,1.0,0.0,-0.44257933183185,1
https://cloudlabslearning.com/curriculum/country-list/detail-country/982/New%20Jersey/detail-curriculum/2635/High%20School/detail-grade/2860/Energy,1,8.0,0.0,1.0,1.0,1.0,0.0,-0.4354435263701751,1
https://cloudlabslearning.com/curriculum/country-list/detail-country/982/New%20Jersey/detail-curriculum/2635/High%20School/detail-grade/2979/Heredity:%20Inheritance%20and%20Variation%20of%20Traits,1,8.0,0.0,1.0,1.0,1.0,0.0,-0.4354435263701751,1
https://cloudlabslearning.com/curriculum/country-list/detail-country/982/New%20Jersey/detail-curriculum/2635/High%20School/detail-grade/2983/Biological%20Evolution:%20Unity%20and%20Diversity,1,4.0,0.0,1.0,1.0,1.0,0.0,-0.4449579336524084,1
https://cloudlabslearning.com/es/educacion-basica,1,4.0,0.0,2.0,0.0,0.0,0.0,-0.427118419998221,0
https://cloudlabslearning.com/es/educacion-superior-cl,1,29.0,0.0,2.0,0.0,0.0,0.0,-0.3676533744842632,0
https://cloudlabslearning.com/es/educacionsuperiorcl,1,8.0,1.0,2.0,0.0,0.0,0.0,-0.4057110036131962,0
https://cloudlabslearning.com/es/habilidades-para-el-siglo-xxi-que-debes-tener-en-cuenta,1,1.0,0.0,1.0,1.0,1.0,0.0,-0.4520937391140833,1
https://cloudlabslearning.com/es/metaverso-en-la-educacion,1,1.0,0.0,1.0,1.0,1.0,0.0,-0.4520937391140833,1
https://cloudlabslearning.com/curriculum/detail-country/29/Colombia%20-%20DBA,1,547.0,0.0,2.0,1.0,0.0,0.0,0.8644623685649427,9
https://cloudlabslearning.com/curriculum/detail-country/87/Estados%20Unidos/detail-curriculum/119/Next%20Generation%20Science%20Standards/detail-grade/163/Physical%20Science%20(PS),1,6.0,0.0,1.0,1.0,1.0,0.0,-0.4402007300112917,1
https://cloudlabslearning.com/curriculum/detail-country/87/Estados%20Unidos/detail-curriculum/119/Next%20Generation%20Science%20Standards/detail-grade/3120/Grade%205,1,10.0,0.0,1.0,1.0,1.0,0.0,-0.4306863227290585,1
https://cloudlabslearning.com/curriculum/detail-country/87/Estados%20Unidos/detail-curriculum/119/Next%20Generation%20Science%20Standards/detail-grade/568/Earth%20and%20Space%20Science%20(ESS),1,22.0,0.0,1.0,1.0,1.0,0.0,-0.4021431008823588,1
https://cloudlabslearning.com/curriculum/detail-country/87/United%20States/detail-curriculum/119/Next%20Generation%20Science%20Standards,1,10.0,1.0,1.0,1.0,1.0,0.0,-0.4187933136262669,1
https://cloudlabslearning.com/curriculum/detail-country/87/United%20States/detail-curriculum/178/Common%20Core%20State%20Standards/detail-grade/868/Statistics%20and%20Probability,1,5.0,0.0,1.0,1.0,1.0,0.0,-0.44257933183185,1
https://cloudlabslearning.com/auth/session/c06e3d06-fe54-4e4c-bb90-4f4801397ce8,1,1.0,0.0,1.0,1.0,1.0,0.0,-0.4520937391140833,1
https://landing.cloudlabs.media/auth/session/1c8d67f0-1b99-47a7-bd4e-ce2cf34c59d1,1,1.0,0.0,1.0,1.0,1.0,0.0,-0.4520937391140833,1
https://landing.cloudlabs.media/auth/session/2a5b25b9-78e9-4e97-a04e-75616469d2c1,1,1.0,0.0,1.0,1.0,1.0,0.0,-0.4520937391140833,1
https://landing.cloudlabs.media/auth/session/2c8e5bf0-3a88-465e-9125-d3904cbfad8e,1,80.0,0.0,3.0,0.0,0.0,0.0,-0.2285051679816019,0
https://landing.cloudlabs.media/auth/session/2cfcd69e-81e3-493d-b160-e113501da78c,1,258.0,0.0,2.0,0.0,0.0,0.0,0.1770464424235903,0
https://cloudlabslearning.com/online-tools-for-fast-writing-of-academic-papers,1,3.0,0.0,1.0,1.0,1.0,0.0,-0.4473365354729666,1
https://cloudlabslearning.com/price,1,1.0,0.0,1.0,1.0,1.0,0.0,-0.4520937391140833,1
https://cloudlabslearning.com/es/pensamiento-computacional-programacion-y-robotica,1,2.0,0.0,2.0,0.0,0.0,0.0,-0.4318756236393377,0
https://cloudlabslearning.com/es/profesores-en-metepec-mexico-exploran-cloudlabs,1,3.0,0.0,2.0,0.0,0.0,0.0,-0.4294970218187793,0
https://cloudlabslearning.com/es/secuencias-didacticas-herramientas-clave-para-el-aprendizaje,1,4.0,0.0,2.0,0.0,0.0,0.0,-0.427118419998221,0
https://cloudlabslearning.com/es/terminos-y-condiciones,1,2.0,0.0,1.0,1.0,1.0,0.0,-0.449715137293525,1
https://cloudlabslearning.com/events,1,3.0,0.0,2.0,0.0,0.0,0.0,-0.4294970218187793,0
https://cloudlabslearning.com/features,1,1.0,0.0,1.0,1.0,1.0,0.0,-0.4520937391140833,1
https://cloudlabslearning.com/gallery,1,1.0,0.0,1.0,1.0,1.0,0.0,-0.4520937391140833,1
https://cloudlabslearning.com/higher-education-cl,1,1.0,0.0,1.0,1.0,1.0,0.0,-0.4520937391140833,1
https://cloudlabslearning.com/homeschool-for-parents,1,1.0,0.0,1.0,1.0,1.0,0.0,-0.4520937391140833,1
https://cloudlabslearning.com/how-does-cloudlabs-achieve-curriculum-integration,1,1.0,0.0,1.0,1.0,1.0,0.0,-0.4520937391140833,1
https://cloudlabslearning.com/error-invitation/request,1,23.0,7.0,1.0,1.0,1.0,0.0,-0.3165134353422594,1
https://cloudlabslearning.com/es/cloudlabs-presente-en-senasoft,1,2.0,0.0,1.0,1.0,1.0,0.0,-0.449715137293525,1
https://cloudlabslearning.com/es/como-se-puede-potenciar-el-aprendizaje-activo-con-cloudlabs,1,1.0,0.0,1.0,1.0,1.0,0.0,-0.4520937391140833,1
https://cloudlabslearning.com/es/como-trabajar-la-creatividad-en-el-aula,1,2.0,0.0,2.0,0.0,0.0,0.0,-0.4318756236393377,0
https://cloudlabslearning.com/auth/session/9649e929-2cd6-4491-88a5-6befc8777487,1,1.0,0.0,1.0,1.0,1.0,0.0,-0.4520937391140833,1
https://cloudlabslearning.com/auth/session/96877a10-b18c-40ee-9ca2-b966dc636db6,1,2.0,0.0,2.0,1.0,0.0,0.0,-0.4318756236393377,1
https://cloudlabslearning.com/auth/session/a16dca27-950f-4f45-8aea-2858b3de8690,1,73.0,2.0,3.0,0.0,0.0,0.0,-0.2213693625199269,1
https://cloudlabslearning.com/auth/session/a2f5bd36-4ad5-470f-8db4-be374dffb8ed,1,1.0,0.0,1.0,1.0,1.0,0.0,-0.4520937391140833,1
https://landing.cloudlabs.media/auth/session/511d348d-ee43-4d9c-950f-f268ba1edf76,1,490.0,0.0,3.0,0.0,0.0,0.0,0.7467215784473062,0
https://landing.cloudlabs.media/auth/session/55039239-9649-468d-b7ed-ed1cc9bf1fca,1,1.0,0.0,1.0,1.0,1.0,0.0,-0.4520937391140833,1
https://landing.cloudlabs.media/auth/session/5c9f5338-c681-41b0-afc1-9bf470b5954c,1,1.0,0.0,1.0,1.0,1.0,0.0,-0.4520937391140833,1
https://landing.cloudlabs.media/auth/session/724a0c73-053e-42d8-86a8-8001e8ee1722,1,2649.0,9.0,10.0,0.0,0.0,0.0,6.11403658653714,0
https://landing.cloudlabs.media/auth/session/7709fc7b-1b58-4ed2-9e0b-7b17ef58a855,1,1.0,0.0,1.0,1.0,1.0,0.0,-0.4520937391140833,1
https://landing.cloudlabs.media/auth/session/7efaff5f-e45a-4208-b934-2f4391c31ea6,1,1.0,0.0,1.0,1.0,1.0,0.0,-0.4520937391140833,1
https://landing.cloudlabs.media/auth/session/81a16f7f-1ff5-44df-8a14-d6bc166f2d16,1,2681.0,0.0,7.0,0.0,0.0,0.0,6.029596221907319,0
https://landing.cloudlabs.media/auth/session/84168083-56bd-40bc-9554-ec7925974206,1,1.0,0.0,1.0,1.0,1.0,0.0,-0.4520937391140833,1
https://cloudlabslearning.com/auth/session/4e73c3d9-e259-45d0-8646-eb69092d9377,1,128.0,0.0,2.0,0.0,0.0,0.0,-0.1321717942489902,0
https://cloudlabslearning.com/auth/session/5ae28674-c78c-4445-b830-3950a9fbbacc,1,85.0,2.0,3.0,0.0,0.0,0.0,-0.1928261406732272,0
https://cloudlabslearning.com/auth/session/5be6f339-b10a-4680-9d4f-ece1606718b5,1,18.0,1.0,3.0,0.0,0.0,0.0,-0.3640854717534257,0
https://cloudlabslearning.com/auth/session/629273a0-82e2-41c3-b5d5-580b39a58c62,1,21.0,4.0,3.0,0.0,0.0,0.0,-0.3212706389833761,0
https://cloudlabslearning.com/products,1,1.0,0.0,1.0,1.0,1.0,0.0,-0.4520937391140833,1
https://cloudlabslearning.com/pt/abordagem-pedagogica,1,1.0,0.0,1.0,1.0,1.0,0.0,-0.4520937391140833,1
https://cloudlabslearning.com/pt/home-pt,1,50.0,5.0,6.0,0.0,0.0,0.0,-0.1868796361218314,0
https://cloudlabslearning.com/pt/pacotes-pt,1,1.0,0.0,1.0,1.0,1.0,0.0,-0.4520937391140833,1
https://cloudlabslearning.com/pt/sobre-cloudlabs,1,26.0,6.0,4.0,0.0,0.0,0.0,-0.267752098020814,0
https://cloudlabslearning.com/pt/vamos-falar-de-aprendizagem-colaborativa,1,3.0,0.0,1.0,1.0,1.0,0.0,-0.4473365354729666,1
https://cloudlabslearning.com/regiser,1,1.0,0.0,1.0,1.0,1.0,0.0,-0.4520937391140833,1
https://cloudlabslearning.com/register/217482526A,1,9.0,2.0,1.0,1.0,1.0,0.0,-0.4092789063440337,1
https://cloudlabslearning.com/institutions,1,1228.0,0.0,2.0,1.0,0.0,0.0,2.4842902083651537,2
https://cloudlabslearning.com/institutions-pricing,1,1.0,0.0,2.0,0.0,0.0,0.0,-0.4342542254598959,0
https://cloudlabslearning.com/integrative-projects-a-strategy-for-the-development-of-skills-for-the-21st-century,1,3.0,0.0,2.0,0.0,0.0,0.0,-0.4294970218187793,0
https://cloudlabslearning.com/jobs,1,1.0,0.0,1.0,1.0,1.0,0.0,-0.4520937391140833,1
https://cloudlabslearning.com/join-us,1,1.0,0.0,1.0,1.0,1.0,0.0,-0.4520937391140833,1
https://cloudlabslearning.com/login,1,1.0,0.0,1.0,1.0,1.0,0.0,-0.4520937391140833,1
https://cloudlabslearning.com/middle-and-high-school,1,21.0,0.0,2.0,0.0,0.0,0.0,-0.3866821890487297,0
https://cloudlabslearning.com/news/blogs-and-news,1,2.0,0.0,1.0,1.0,1.0,0.0,-0.449715137293525,1
https://cloudlabslearning.com/auth/session/755ff3db-5c73-4da2-a1b8-c658d0ddbc2f,1,1.0,0.0,2.0,1.0,0.0,0.0,-0.4342542254598959,1
https://cloudlabslearning.com/auth/session/774b2e63-b486-4343-bfdd-efe0866944f2,1,1.0,0.0,1.0,1.0,1.0,0.0,-0.4520937391140833,1
https://landing.cloudlabs.media/auth/session/888e844b-bdb6-43c9-808f-dc5d9c7142e9,1,1.0,0.0,1.0,1.0,1.0,0.0,-0.4520937391140833,1
https://landing.cloudlabs.media/auth/session/8c242670-d566-4b3f-bf8f-8180f3fe161f,1,1.0,0.0,1.0,1.0,1.0,0.0,-0.4520937391140833,1
https://landing.cloudlabs.media/auth/session/916c319e-bef3-4658-b601-425e09eee1c5,1,2083.0,0.0,4.0,0.0,0.0,0.0,4.553673792250886,0
https://landing.cloudlabs.media/auth/session/928e6f24-e2d8-44d3-97ce-f0051f7cd2a0,1,1030.0,0.0,5.0,0.0,0.0,0.0,2.066845588857169,0
https://landing.cloudlabs.media/auth/session/9996f0a9-6d95-4c63-b97f-ce3f975c6ca9,1,1883.0,0.0,3.0,0.0,0.0,0.0,4.060113914485036,0
https://landing.cloudlabs.media/auth/session/9b83c76b-79fc-4a06-b418-057a91712046,1,1.0,0.0,1.0,1.0,1.0,0.0,-0.4520937391140833,1
https://landing.cloudlabs.media/auth/session/ab96d65e-554d-4d74-9db5-dfacdd7f60d2,1,1.0,0.0,1.0,1.0,1.0,0.0,-0.4520937391140833,1
https://landing.cloudlabs.media/auth/session/abb1855c-0fc6-4803-9c1f-25ea404cbf1c,1,1.0,0.0,2.0,1.0,0.0,0.0,-0.4342542254598959,1
https://landing.cloudlabs.media/auth/session/bd1aedb6-74da-4d5f-8f90-b63295f3044b,1,1.0,0.0,1.0,1.0,1.0,0.0,-0.4520937391140833,1
https://landing.cloudlabs.media/auth/session/c1afc7a4-7b96-432c-b3d4-b0dc1674d71f,1,599.0,0.0,8.0,0.0,0.0,0.0,1.095186745159099,0
https://cloudlabslearning.com/register/50A067CA1D,1,28.0,8.0,1.0,1.0,1.0,0.0,-0.2927274171366763,1
https://cloudlabslearning.com/register/533AA4CB80,1,12.0,4.0,2.0,0.0,0.0,0.0,-0.3605175690225883,0
https://cloudlabslearning.com/register/6FACBF324C,1,17.0,4.0,1.0,1.0,1.0,0.0,-0.3664640735739841,1
https://cloudlabslearning.com/pricing,1,1.0,0.0,2.0,0.0,0.0,0.0,-0.4342542254598959,0
https://cloudlabslearning.com/register/9FDFB9A9DE,1,21.0,3.0,1.0,1.0,1.0,0.0,-0.3688426753945423,1
https://cloudlabslearning.com/register/BF83F8C319%20BF83F8C319%20BF83F8C319%20BF83F8C319%20BF83F8C319%20BF83F8C319%20BF83F8C319%20BF83F8C319%20BF83F8C319%20BF83F8C319%20BF83F8C319%20BF83F8C319%20BF83F8C319%20BF83F8C319%20BF83F8C319%20BF83F8C319%20BF83F8C319%20BF83F8C319%20BF83F8C319%20BF83F8C319%20BF83F8C319%20BF83F8C319%20BF83F8C319%20BF83F8C319%20BF83F8C319%20BF83F8C319%20BF83F8C319%20BF83F8C319%20BF83F8C319%20BF83F8C319%20BF83F8C319%20BF83F8C319%20BF83F8C319%20BF83F8C319%20BF83F8C319%20BF83F8C319%20BF83F8C319%20BF83F8C319%20BF83F8C319%20BF83F8C319%20BF83F8C319%20BF83F8C319%20BF83F8C319%20BF83F8C319%20BF83F8C319%20BF83F8C319%20BF83F8C319%20BF83F8C319%20BF83F8C319%20BF83F8C319%20BF83F8C319%20BF83F8C319%20BF83F8C319%20BF83F8C319,1,1.0,0.0,1.0,1.0,1.0,0.0,-0.4520937391140833,1
https://cloudlabslearning.com/register/DA341845CE,1,19.0,8.0,1.0,1.0,1.0,0.0,-0.3141348335217012,1
https://cloudlabslearning.com/register/E7AFBBE49E,1,19.0,4.0,1.0,1.0,1.0,0.0,-0.3617068699328674,1
https://cloudlabslearning.com/register/EA88ECE882,1,17.0,5.0,1.0,1.0,1.0,0.0,-0.3545710644711925,1
https://cloudlabslearning.com/register/ED29C4EA34,1,29.0,5.0,1.0,1.0,1.0,0.0,-0.3260278426244927,1
https://cloudlabslearning.com/register/23AB98625A,1,37.0,7.0,1.0,1.0,1.0,0.0,-0.2832130098544431,1
https://cloudlabslearning.com/register/26A6EBAC2F,1,28.0,11.0,1.0,1.0,1.0,1.0,-0.2570483898283016,1
https://cloudlabslearning.com/register/295F75EC9A,1,42.0,8.0,1.0,1.0,1.0,0.0,-0.25942699164886,1
https://cloudlabslearning.com/register/353F359D73,1,762.0,64.0,12.0,0.0,0.0,0.0,2.3154094791055133,1
https://cloudlabslearning.com/register/3C5090E152,1,15.0,5.0,1.0,1.0,1.0,0.0,-0.3593282681123091,1
https://cloudlabslearning.com/register/3F45BD268C,1,93.0,0.0,1.0,1.0,1.0,0.0,-0.2332623716227185,1
https://cloudlabslearning.com/register/491E45F21D,1,47.0,7.0,1.0,1.0,1.0,0.0,-0.25942699164886,1
https://cloudlabslearning.com/auth/session/62c33b3e-f59e-4959-9268-4561bf24c8e1,1,1667.0,4.0,5.0,0.0,0.0,0.0,3.629586984963981,0
https://cloudlabslearning.com/auth/session/680dd94b-59f5-4290-a316-b80703e028dd,1,1.0,0.0,2.0,1.0,0.0,0.0,-0.4342542254598959,1
https://cloudlabslearning.com/auth/session/6f83334b-00d5-419a-bf46-faf561261315,1,1077.0,9.0,16.0,0.0,0.0,0.0,2.481911606544595,0
https://landing.cloudlabs.media/auth/session/ef310e4d-b442-4b4c-9b6f-1e275c8d700a,1,1752.0,0.0,3.0,0.0,0.0,0.0,3.748517075991897,0
https://landing.cloudlabs.media/privacy-policies,1,28.0,0.0,1.0,1.0,1.0,0.0,-0.3878714899590088,1
https://landing.cloudlabs.media/register/6E9C4CEF67,1,207.0,19.0,1.0,1.0,1.0,1.0,0.2638654088739688,1
https://landing.cloudlabs.media/register/AD9CD8D668,1,41.0,7.0,1.0,1.0,1.0,0.0,-0.2736986025722098,1
https://landing.cloudlabs.media/register/C713C40519,1,37.0,3.0,1.0,1.0,1.0,0.0,-0.3307850462656094,1
https://landing.cloudlabs.media/request-demo?err=SUBSCRIPTION_NOT_FOUND,1,914.0,10.0,5.0,0.0,0.0,0.0,1.9098578687003207,0
https://landing.cloudlabs.media/terms-conditions,1,28.0,0.0,1.0,1.0,1.0,0.0,-0.3878714899590088,1
https://cloudlabslearning.com/register/F1AB4821E1,1,54.0,5.0,1.0,1.0,1.0,0.0,-0.2665627971105349,1
https://cloudlabslearning.com/register/FA058FFCD3,1,897.0,17.0,12.0,0.0,0.0,0.0,2.077549297049682,0
https://cloudlabslearning.com/register/Jorge,1,1.0,0.0,1.0,1.0,1.0,0.0,-0.4520937391140833,1
https://cloudlabslearning.com/register/jorge.diaz@badajoz.salesianos.edu,1,1.0,0.0,1.0,1.0,1.0,0.0,-0.4520937391140833,1
https://landing.cloudlabs.media/auth/session/cf57b477-5d0f-42f2-9902-1a730ede4472,1,1.0,0.0,1.0,1.0,1.0,0.0,-0.4520937391140833,1
https://landing.cloudlabs.media/auth/session/d3f25b61-874f-4712-aaf7-7e2a8c6cdf29,1,574.0,0.0,2.0,0.0,0.0,0.0,0.9286846177200172,0
https://cloudlabslearning.com/auth/session/3040d982-7510-4be4-8d35-d6d83a53db8a,1,1.0,0.0,2.0,1.0,0.0,0.0,-0.4342542254598959,1
https://cloudlabslearning.com/auth/session/30b6662a-a1df-472f-b71e-3163aa368160,1,1.0,0.0,1.0,1.0,1.0,0.0,-0.4520937391140833,1
https://cloudlabslearning.com/auth/session/37ddd8f2-bd71-456c-80e8-21f8673d7277,1,36.0,0.0,2.0,0.0,0.0,0.0,-0.351003161740355,0
https://cloudlabslearning.com/auth/session/c3e6bbb5-0459-4071-9675-a563eb597f77,1,1.0,0.0,1.0,1.0,1.0,0.0,-0.4520937391140833,1
https://cloudlabslearning.com/auth/session/c43ba72c-f05f-4497-a020-1100d87ab1e6,1,3.0,0.0,2.0,1.0,0.0,0.0,-0.4294970218187793,1
https://cloudlabslearning.com/auth/session/c56c7913-203d-41f3-967f-f38f7ba43499,1,1.0,0.0,2.0,1.0,0.0,0.0,-0.4342542254598959,1
https://cloudlabslearning.com/auth/session/cd2a96ea-4b06-4f59-a8c0-e93a752abab3,1,239.0,0.0,2.0,0.0,0.0,0.0,0.1318530078329824,0
https://cloudlabs.us/institutions,1,1.0,0.0,1.0,1.0,1.0,0.0,-0.4520937391140833,1
https://cloudlabs.us/page-not-found,1,3.0,0.0,1.0,1.0,1.0,0.0,-0.4473365354729666,1
https://cloudlabslearning.com,1,9.0,0.0,1.0,1.0,1.0,0.0,-0.4330649245496168,1
https://cloudlabslearning.com/.well-known/change-password,1,1.0,0.0,1.0,1.0,1.0,0.0,-0.4520937391140833,1
https://cloudlabslearning.com/auth/session/025fa729-9ecb-44d2-bb32-986a32b65a44,1,89.0,0.0,7.0,0.0,0.0,0.0,-0.1357396969798277,0
https://cloudlabslearning.com/auth/session/0480289d-50e7-416e-b772-7d6a232de428,1,1.0,0.0,1.0,1.0,1.0,0.0,-0.4520937391140833,1
https://cloudlabslearning.com/auth/session/238e0718-6f9d-47ce-99f5-90d65576d97c,1,1.0,0.0,1.0,1.0,1.0,0.0,-0.4520937391140833,1
https://cloudlabslearning.com/auth/session/2a6a800f-e390-4974-ac8c-0e764fad5e3d,1,603.0,9.0,11.0,0.0,0.0,0.0,1.2652567753290187,0
https://cloudlabslearning.com/auth/session/2cafa26f-7ebe-44fe-9ea2-239170ec70af,1,1.0,0.0,1.0,1.0,1.0,0.0,-0.4520937391140833,1
https://landing.cloudlabs.media/auth/session/e4448e33-de45-4be6-bc8a-098fa012f648,1,1.0,0.0,1.0,1.0,1.0,0.0,-0.4520937391140833,1
https://landing.cloudlabs.media/auth/session/ebf447ea-c579-424d-9ec8-7f189ee96b1f,1,1.0,0.0,1.0,1.0,1.0,0.0,-0.4520937391140833,1
https://landing.cloudlabs.media/auth/session/ee6e8a31-afa0-44ed-bac7-e89e805305a4,1,940.0,0.0,5.0,0.0,0.0,0.0,1.8527714250069216,0
https://cloudlabslearning.com/auth/session/00ac65c2-9884-46bc-8a89-b357c0cbde91,0,0.0,0.0,0.0,0.0,0.0,0.0,0.0,1
https://landing.cloudlabs.media/register/DF1F66737D,0,0.0,0.0,0.0,0.0,0.0,0.0,0.0,1
https://landing.cloudlabs.media/register/F5066EB83E,0,0.0,0.0,0.0,0.0,0.0,0.0,0.0,1
https://landing.cloudlabs.media/request-demo,0,0.0,0.0,0.0,0.0,0.0,0.0,0.0,1
https://cloudlabslearning.com/registro_sena),0,0.0,0.0,0.0,0.0,0.0,0.0,0.0,1
https://cloudlabslearning.com/sign-up,0,0.0,0.0,0.0,0.0,0.0,0.0,0.0,1
https://cloudlabslearning.com/register/902B7478FA,0,0.0,0.0,0.0,0.0,0.0,0.0,0.0,2
https://cloudlabslearning.com/register/C673D60BA8,0,0.0,0.0,0.0,0.0,0.0,0.0,0.0,1
https://cloudlabslearning.com/register/2B76EC6CF6,0,0.0,0.0,0.0,0.0,0.0,0.0,0.0,1
https://cloudlabslearning.com/register/55EA7AE118F,0,0.0,0.0,0.0,0.0,0.0,0.0,0.0,1
https://cloudlabslearning.com/curriculum/detail-country/29/Colombia%20-%20DBA/detail-curriculum/251/Educaci%C3%B3n%20B%C3%A1sica%20Primaria/detail-grade/254/Primero%20(1%C2%B0),0,0.0,0.0,0.0,0.0,0.0,0.0,0.0,2
https://cloudlabslearning.com/curriculum/detail-country/29/Colombia%20-%20DBA/detail-curriculum/33/Educaci%C3%B3n%20B%C3%A1sica%20Secundaria/detail-grade/351/Once%20(11%C2%B0),0,0.0,0.0,0.0,0.0,0.0,0.0,0.0,2
https://cloudlabslearning.com/curriculum/detail-country/29/Colombia%20-%20DBA/detail-curriculum/33/Educaci%C3%B3n%20B%C3%A1sica%20Secundaria/detail-grade/352/S%C3%A9ptimo%20(7%C2%B0),0,0.0,0.0,0.0,0.0,0.0,0.0,0.0,1
https://cloudlabslearning.com/curriculum/country-list/detail-country/982/New%20Jersey/detail-curriculum/2635/High%20School/detail-grade/3004/Earth%20and%20Human%20Activity,0,0.0,0.0,0.0,0.0,0.0,0.0,0.0,1
https://cloudlabslearning.com/curriculum/detail-country/16537/Espa%C3%B1a/detail-curriculum/16539/Bachillerato/detail-grade/21811/Tecnolog%C3%ADa%20e%20Ingenier%C3%ADa%20I,0,0.0,0.0,0.0,0.0,0.0,0.0,0.0,2
https://cloudlabslearning.com/curriculum/detail-country/21283/Portugal/detail-curriculum/21284/Ensino%20B%C3%A1sico,0,0.0,0.0,0.0,0.0,0.0,0.0,0.0,1
https://cloudlabslearning.com/curriculum/detail-country/243/M%C3%A9xico/detail-curriculum/359/Bachillerato%20general/detail-grade/437/Matem%C3%A1ticas%20II,0,0.0,0.0,0.0,0.0,0.0,0.0,0.0,1
https://cloudlabslearning.com/curriculum/country-list/detail-country/87/Estados%20Unidos/detail-curriculum/119/Next%20Generation%20Science%20Standards/detail-grade/651/Earth%20and%20Space%20Science%20(ESS),0,0.0,0.0,0.0,0.0,0.0,0.0,0.0,1
https://cloudlabslearning.com/curriculum/country-list/detail-country/23138/Chile/detail-curriculum/23178/Formaci%C3%B3n%20diferenciada/detail-grade/23183/3%C2%B0%20y%204%C2%B0%20Medio,0,0.0,0.0,0.0,0.0,0.0,0.0,0.0,1
https://cloudlabslearning.com/curriculum/country-list/detail-country/243/M%C3%A9xico/detail-curriculum/359/Bachillerato%20general/detail-grade/369/Qu%C3%ADmica%20I,0,0.0,0.0,0.0,0.0,0.0,0.0,0.0,1
https://cloudlabslearning.com/curriculum/country-list/detail-country/243/M%C3%A9xico/detail-curriculum/359/Bachillerato%20general/detail-grade/453/Probabilidad%20y%20Estad%C3%ADstica,0,0.0,0.0,0.0,0.0,0.0,0.0,0.0,1
https://cloudlabslearning.com/curriculum/country-list/detail-country/243/Mexico/detail-curriculum/358/Secundaria/detail-grade/386/1%C2%B0%20grado%20de%20secundaria,0,0.0,0.0,0.0,0.0,0.0,0.0,0.0,1
https://cloudlabslearning.com/curriculum/country-list/detail-country/29/Colombia%20-%20DBA,0,0.0,0.0,0.0,0.0,0.0,0.0,0.0,1
https://cloudlabslearning.com/curriculum/country-list/detail-country/29/Colombia%20-%20DBA/detail-curriculum/33/Educaci%C3%B3n%20B%C3%A1sica%20Secundaria/detail-grade/351/Once%20(11%C2%B0),0,0.0,0.0,0.0,0.0,0.0,0.0,0.0,1
https://cloudlabslearning.com/curriculum/country-list/detail-country/13253/California/detail-curriculum/13254/Science/detail-grade/13262/Grade%201,0,0.0,0.0,0.0,0.0,0.0,0.0,0.0,1
https://cloudlabslearning.com/curriculum/country-list/detail-country/11422/Alabama/detail-curriculum/11423/Natural%20Sciences/detail-grade/11434/Grade%202,0,0.0,0.0,0.0,0.0,0.0,0.0,0.0,1
https://cloudlabslearning.com/blogs-and-news/61,0,0.0,0.0,0.0,0.0,0.0,0.0,0.0,1
https://cloudlabslearning.com/auth/session/e4bc4a5d-3462-46f2-915f-d5d705e289a2,0,0.0,0.0,0.0,0.0,0.0,0.0,0.0,1
https://cloudlabslearning.com/auth/session/e57b0493-4f17-42c9-a040-dd2ebcd10ffd,0,0.0,0.0,0.0,0.0,0.0,0.0,0.0,1
https://cloudlabslearning.com/auth/session/ea2657a4-c7e3-4884-b1b3-c1be40981ec5,0,0.0,0.0,0.0,0.0,0.0,0.0,0.0,1
https://cloudlabslearning.com/auth/session/f0d10a09-039f-4e46-8ec4-6b4984ecdb1f,0,0.0,0.0,0.0,0.0,0.0,0.0,0.0,1
https://cloudlabslearning.com/auth/session/f79df11b-1e9c-4c3b-b501-55f65c62e15c,0,0.0,0.0,0.0,0.0,0.0,0.0,0.0,1
https://cloudlabslearning.com/auth/session/fc9a4712-7b27-4bb0-95a3-b8904452a001,0,0.0,0.0,0.0,0.0,0.0,0.0,0.0,1
https://cloudlabslearning.com/blogs-and-news/104,0,0.0,0.0,0.0,0.0,0.0,0.0,0.0,1
https://landing.cloudlabs.media/auth/session/0ca84d79-0abb-42cf-95c4-efdcdde45a82,0,0.0,0.0,0.0,0.0,0.0,0.0,0.0,1
https://landing.cloudlabs.media/auth/session/10e256e3-faee-4368-a2f0-543cff41f11c,0,0.0,0.0,0.0,0.0,0.0,0.0,0.0,1
https://cloudlabslearning.com/auth/session/d8baedf3-c6be-4466-9091-e4a5deb10692,0,0.0,0.0,0.0,0.0,0.0,0.0,0.0,1
https://cloudlabslearning.com/auth/session/d942f8fb-9e59-4f66-a09b-18e5c74c9100,0,0.0,0.0,0.0,0.0,0.0,0.0,0.0,1
https://cloudlabslearning.com/auth/session/da25ecba-c3e5-489b-a562-62599d03db45,0,0.0,0.0,0.0,0.0,0.0,0.0,0.0,1
https://cloudlabslearning.com/auth/session/a744f47d-b8d0-4d31-9c54-f477b495d45a,0,0.0,0.0,0.0,0.0,0.0,0.0,0.0,1
https://cloudlabslearning.com/auth/session/aea49c65-eb0e-4525-9786-605a978399ff,0,0.0,0.0,0.0,0.0,0.0,0.0,0.0,1
https://cloudlabslearning.com/auth/session/b2da15e5-7035-4c4d-a930-6c16c2e5c04a,0,0.0,0.0,0.0,0.0,0.0,0.0,0.0,1
https://cloudlabslearning.com/auth/session/b389d54b-ed2c-4561-8547-81e462b1a473,0,0.0,0.0,0.0,0.0,0.0,0.0,0.0,1
https://cloudlabslearning.com/auth/session/b5b39859-7069-41f2-a040-21ad6dfb018d,0,0.0,0.0,0.0,0.0,0.0,0.0,0.0,1
https://cloudlabslearning.com/auth/session/b884f6a7-eac7-4c20-98b7-99bb1fcc5ebc,0,0.0,0.0,0.0,0.0,0.0,0.0,0.0,1
https://cloudlabslearning.com/auth/session/b9ab9691-179a-4a84-b529-28c61c20e2a0,0,0.0,0.0,0.0,0.0,0.0,0.0,0.0,1
https://landing.cloudlabs.media/auth/session/19b7218d-e9f3-4790-ba42-9ff1a216ed25,0,0.0,0.0,0.0,0.0,0.0,0.0,0.0,1
https://landing.cloudlabs.media/auth/session/22ac3071-31b7-4ea6-9220-75ee2eaa31b7,0,0.0,0.0,0.0,0.0,0.0,0.0,0.0,1
https://landing.cloudlabs.media/auth/session/23d1a9bd-ff71-4c69-84ec-0dff554ed656,0,0.0,0.0,0.0,0.0,0.0,0.0,0.0,1
https://landing.cloudlabs.media/auth/session/468da94f-98c3-4d00-90ad-743ecdcc2dd4,0,0.0,0.0,0.0,0.0,0.0,0.0,0.0,1
https://landing.cloudlabs.media/auth/session/50f36f13-e03f-45c3-95e7-821ff6832c2e,0,0.0,0.0,0.0,0.0,0.0,0.0,0.0,1
https://cloudlabslearning.com/auth/session/7a95c435-b4f9-428a-a843-786234fe0866,0,0.0,0.0,0.0,0.0,0.0,0.0,0.0,1
https://cloudlabslearning.com/auth/session/7b740365-4684-4516-8b40-8979f5e663c9,0,0.0,0.0,0.0,0.0,0.0,0.0,0.0,1
https://cloudlabslearning.com/auth/session/94ac1be4-7a67-42c9-8891-d875c2dfb8cc,0,0.0,0.0,0.0,0.0,0.0,0.0,0.0,1
https://cloudlabslearning.com/auth/session/96228a81-fd50-4be0-94ab-a3f05a92dfa0,0,0.0,0.0,0.0,0.0,0.0,0.0,0.0,1
https://cloudlabslearning.com/auth/session/a06869f2-d650-46c9-9a68-4ea12ab83a0e,0,0.0,0.0,0.0,0.0,0.0,0.0,0.0,1
https://cloudlabslearning.com/auth/session/a0c8d2ef-2c38-451f-99cd-e990440cd265,0,0.0,0.0,0.0,0.0,0.0,0.0,0.0,1
https://cloudlabslearning.com/auth/session/a32b1c32-d6ea-4dd1-84e6-8b214bb2fd1b,0,0.0,0.0,0.0,0.0,0.0,0.0,0.0,1
https://cloudlabslearning.com/auth/session/a5bc142f-a93f-4dc4-824f-bdbcbf8c1714,0,0.0,0.0,0.0,0.0,0.0,0.0,0.0,1
https://landing.cloudlabs.media/auth/session/596f8939-4d7a-4328-8f1e-0e064289af53,0,0.0,0.0,0.0,0.0,0.0,0.0,0.0,1
https://landing.cloudlabs.media/auth/session/6399eb28-57b5-47e6-b5b5-32d16f2c15e3,0,0.0,0.0,0.0,0.0,0.0,0.0,0.0,1
https://landing.cloudlabs.media/auth/session/6cfbeb34-41b0-44f3-9f34-4b76cc92a971,0,0.0,0.0,0.0,0.0,0.0,0.0,0.0,1
https://landing.cloudlabs.media/auth/session/6eabd831-1d91-470f-996d-2b8cae9238a1,0,0.0,0.0,0.0,0.0,0.0,0.0,0.0,1
https://landing.cloudlabs.media/auth/session/6f248f4b-1f05-4ed4-9778-6f5d0f8bb878,0,0.0,0.0,0.0,0.0,0.0,0.0,0.0,1
https://landing.cloudlabs.media/auth/session/77eba98d-d679-4c9c-9ccc-e76a5a27da9c,0,0.0,0.0,0.0,0.0,0.0,0.0,0.0,1
https://landing.cloudlabs.media/auth/session/7c77e351-6d16-405a-b431-b8f1d9380b89,0,0.0,0.0,0.0,0.0,0.0,0.0,0.0,1
https://landing.cloudlabs.media/auth/session/86975b4b-2b95-4fab-b5f0-25af4a59966a,0,0.0,0.0,0.0,0.0,0.0,0.0,0.0,1
https://cloudlabslearning.com/auth/session/4d3bfdb0-d34d-480e-afff-e67ef60e56be,0,0.0,0.0,0.0,0.0,0.0,0.0,0.0,1
https://cloudlabslearning.com/auth/session/581f5f27-d698-4681-b36d-0ad6769f1fcb,0,0.0,0.0,0.0,0.0,0.0,0.0,0.0,1
https://cloudlabslearning.com/auth/session/5d8381de-dc9f-4055-bad7-26d36f12dcc0,0,0.0,0.0,0.0,0.0,0.0,0.0,0.0,1
https://cloudlabslearning.com/auth/session/5f1e72dc-b219-4755-97ac-b83475fb4542,0,0.0,0.0,0.0,0.0,0.0,0.0,0.0,1
https://cloudlabslearning.com/auth/session/672aa083-a074-4724-b813-6613bd7e26e7,0,0.0,0.0,0.0,0.0,0.0,0.0,0.0,1
https://cloudlabslearning.com/auth/session/70cc4ba9-2cde-4eb5-9f7c-36f896692cc0,0,0.0,0.0,0.0,0.0,0.0,0.0,0.0,1
https://landing.cloudlabs.media/auth/session/8a22b7d7-975a-4fef-88a9-869eb0714d34,0,0.0,0.0,0.0,0.0,0.0,0.0,0.0,1
https://landing.cloudlabs.media/auth/session/b0b1232c-8c2f-442d-b2dd-17ef51688585,0,0.0,0.0,0.0,0.0,0.0,0.0,0.0,1
https://landing.cloudlabs.media/auth/session/cfabafb6-7367-42dc-a58a-962f65ec964c,0,0.0,0.0,0.0,0.0,0.0,0.0,0.0,1
https://landing.cloudlabs.media/auth/session/d393c199-826e-4021-b9c1-d49ecfad274d,0,0.0,0.0,0.0,0.0,0.0,0.0,0.0,1
https://cloudlabslearning.com/auth/session/2f91e328-0f9d-46c8-be0c-bd3e4193301e,0,0.0,0.0,0.0,0.0,0.0,0.0,0.0,1
https://cloudlabslearning.com/auth/session/31ed14af-c09e-43ca-85fb-c50a88322783,0,0.0,0.0,0.0,0.0,0.0,0.0,0.0,1
https://cloudlabslearning.com/auth/session/3398620a-3e22-4360-98c6-b56c70248f89,0,0.0,0.0,0.0,0.0,0.0,0.0,0.0,1
https://cloudlabslearning.com/auth/session/36daaa87-36c7-4032-a8a9-a416894430ac,0,0.0,0.0,0.0,0.0,0.0,0.0,0.0,1
https://cloudlabslearning.com/auth/session/3b787f69-a273-47f0-92b2-cbb633dc9b5e,0,0.0,0.0,0.0,0.0,0.0,0.0,0.0,1
https://cloudlabslearning.com/auth/session/3bce7c0e-9a87-4e12-b636-b9ff5f2fbc03,0,0.0,0.0,0.0,0.0,0.0,0.0,0.0,1
https://cloudlabslearning.com/auth/session/3fcdfa00-cff3-4db6-836d-72adf5aaf9bf,0,0.0,0.0,0.0,0.0,0.0,0.0,0.0,1
https://cloudlabslearning.com/auth/session/40bc941c-8f7f-4fa3-9769-635274e68970,0,0.0,0.0,0.0,0.0,0.0,0.0,0.0,1
https://cloudlabslearning.com/auth/session/40f21272-a4da-4d95-a406-ffe783771ca2,0,0.0,0.0,0.0,0.0,0.0,0.0,0.0,1
https://cloudlabslearning.com/auth/session/4346081d-70ac-4b02-b82b-e490d40aee56,0,0.0,0.0,0.0,0.0,0.0,0.0,0.0,1
https://cloudlabslearning.com/auth/session/48b07afd-8bb4-4421-b8e6-22cbbc8c6ba3,0,0.0,0.0,0.0,0.0,0.0,0.0,0.0,1
https://cloudlabslearning.com/auth/session/0a9f9f26-b8cc-48de-9fc0-6cc16bc07fcf,0,0.0,0.0,0.0,0.0,0.0,0.0,0.0,1
https://cloudlabslearning.com/auth/session/0e271489-5338-4fb4-8749-0aae19a659a4,0,0.0,0.0,0.0,0.0,0.0,0.0,0.0,1
https://cloudlabslearning.com/auth/session/18b71ea4-5325-4c66-80ce-6d31a0be5262,0,0.0,0.0,0.0,0.0,0.0,0.0,0.0,1
https://cloudlabslearning.com/auth/session/1cbe9507-3bfd-45d7-a56c-b969ac012bfb,0,0.0,0.0,0.0,0.0,0.0,0.0,0.0,1
https://landing.cloudlabs.media/auth/session/d438cfdd-4d88-44ca-b314-e906eaacbcc3,0,0.0,0.0,0.0,0.0,0.0,0.0,0.0,1
https://landing.cloudlabs.media/auth/session/e4788395-cf8c-44d5-8f5e-18a0e7e81dd3,0,0.0,0.0,0.0,0.0,0.0,0.0,0.0,1
https://landing.cloudlabs.media/auth/session/e549da9c-8a5f-4a3c-ad80-b85991075b0b,0,0.0,0.0,0.0,0.0,0.0,0.0,0.0,1
https://landing.cloudlabs.media/auth/session/e5a1a375-6693-4e26-a5cd-55a75e715917,0,0.0,0.0,0.0,0.0,0.0,0.0,0.0,1
https://landing.cloudlabs.media/auth/session/e96e0a7b-c4ef-4c14-9648-2fdabe56d646,0,0.0,0.0,0.0,0.0,0.0,0.0,0.0,1
https://landing.cloudlabs.media/auth/session/f7843af8-13a3-4c1e-bf7e-448ee1438ed6,0,0.0,0.0,0.0,0.0,0.0,0.0,0.0,1
https://landing.cloudlabs.media/auth/session/fb846af4-f8c3-4d6e-a48c-ddb1419d8143,0,0.0,0.0,0.0,0.0,0.0,0.0,0.0,1
https://landing.cloudlabs.media/auth/session/fd7d7f7b-1c29-451b-942a-5f62fa41c2e8,0,0.0,0.0,0.0,0.0,0.0,0.0,0.0,1
https://landing.cloudlabs.media/auth/session/fdddb96c-287c-4a61-8719-189e09ee719b,0,0.0,0.0,0.0,0.0,0.0,0.0,0.0,1
https://landing.cloudlabs.media/blogs-and-news,0,0.0,0.0,0.0,0.0,0.0,0.0,0.0,2
