direccion_url_entrada,url_entrada_normalized,direccion_url_salida,url_salida_normalized,referente,ref_source_normalized
https://cloudlabslearning.com/,https://cloudlabslearning.com/,https://cloudlabslearning.com/,https://cloudlabslearning.com/,https://www.google.com/,External
https://cloudlabslearning.com/,https://cloudlabslearning.com/,https://cloudlabslearning.com/#error=login_required&state=19fbab15-9d55-4a35-8b28-0fefb323571e,https://cloudlabslearning.com/,https://www.google.com/,External
https://cloudlabslearning.com/#error=login_required&state=a0efcb5a-3ccf-47b1-8028-52db11a9504a,https://cloudlabslearning.com/,https://cloudlabslearning.com/#error=login_required&state=a0efcb5a-3ccf-47b1-8028-52db11a9504a,https://cloudlabslearning.com/,,Direct/Unknown
https://cloudlabslearning.com/#error=login_required&state=8f689cbd-7723-49f4-a2f7-44e85cfedd27,https://cloudlabslearning.com/,https://cloudlabslearning.com/#error=login_required&state=8f689cbd-7723-49f4-a2f7-44e85cfedd27,https://cloudlabslearning.com/,,Direct/Unknown
https://cloudlabslearning.com/request-demo?err=SUBSCRIPTION_NOT_FOUND,https://cloudlabslearning.com/request-demo?err=SUBSCRIPTION_NOT_FOUND,https://cloudlabslearning.com/request-demo?err=SUBSCRIPTION_NOT_FOUND,https://cloudlabslearning.com/request-demo?err=SUBSCRIPTION_NOT_FOUND,,Direct/Unknown
https://cloudlabslearning.com/#error=login_required&state=666df172-6d68-4582-803e-1e3043f533dc,https://cloudlabslearning.com/,https://cloudlabslearning.com/#error=login_required&state=666df172-6d68-4582-803e-1e3043f533dc,https://cloudlabslearning.com/,,Direct/Unknown
https://cloudlabslearning.com/#error=login_required&state=e93415f7-3ffe-4494-940b-7fdaf2cddbb2,https://cloudlabslearning.com/,https://cloudlabslearning.com/#error=login_required&state=e93415f7-3ffe-4494-940b-7fdaf2cddbb2,https://cloudlabslearning.com/,,Direct/Unknown
https://cloudlabslearning.com/,https://cloudlabslearning.com/,https://cloudlabslearning.com/#error=login_required&state=943983f2-8a00-4fc8-8ad5-9b35e6b93876,https://cloudlabslearning.com/,https://www.google.com/,External
https://cloudlabslearning.com/request-demo?err=SUBSCRIPTION_NOT_FOUND#error=login_required&state=db5bd542-f1be-45ef-b15a-1e54cd53d2a0,https://cloudlabslearning.com/request-demo?err=SUBSCRIPTION_NOT_FOUND,https://cloudlabslearning.com/request-demo?err=SUBSCRIPTION_NOT_FOUND#error=login_required&state=db5bd542-f1be-45ef-b15a-1e54cd53d2a0,https://cloudlabslearning.com/request-demo?err=SUBSCRIPTION_NOT_FOUND,,Direct/Unknown
https://cloudlabslearning.com/,https://cloudlabslearning.com/,https://cloudlabslearning.com/#error=login_required&state=f39dcac1-4642-4f3e-8434-79146afa36fa,https://cloudlabslearning.com/,https://www.google.com/,External
